--
-- PostgreSQL database dump
--

-- Dumped from database version 16.1
-- Dumped by pg_dump version 16.1

-- Started on 2024-05-28 17:12:37

SET statement_timeout = 0;
SET lock_timeout = 0;
SET idle_in_transaction_session_timeout = 0;
SET client_encoding = 'UTF8';
SET standard_conforming_strings = on;
SELECT pg_catalog.set_config('search_path', '', false);
SET check_function_bodies = false;
SET xmloption = content;
SET client_min_messages = warning;
SET row_security = off;

SET default_tablespace = '';

SET default_table_access_method = heap;

--
-- TOC entry 215 (class 1259 OID 16398)
-- Name: __EFMigrationsHistory; Type: TABLE; Schema: public; Owner: postgres
--

CREATE TABLE public."__EFMigrationsHistory" (
    "MigrationId" character varying(150) NOT NULL,
    "ProductVersion" character varying(32) NOT NULL
);


ALTER TABLE public."__EFMigrationsHistory" OWNER TO postgres;

--
-- TOC entry 216 (class 1259 OID 16403)
-- Name: product_categories; Type: TABLE; Schema: public; Owner: postgres
--

CREATE TABLE public.product_categories (
    id uuid NOT NULL,
    name text NOT NULL
);


ALTER TABLE public.product_categories OWNER TO postgres;

--
-- TOC entry 222 (class 1259 OID 16454)
-- Name: product_images; Type: TABLE; Schema: public; Owner: postgres
--

CREATE TABLE public.product_images (
    product_id uuid NOT NULL,
    image_name text NOT NULL,
    "order" integer
);


ALTER TABLE public.product_images OWNER TO postgres;

--
-- TOC entry 221 (class 1259 OID 16442)
-- Name: product_likes; Type: TABLE; Schema: public; Owner: postgres
--

CREATE TABLE public.product_likes (
    user_id bigint NOT NULL,
    product_id uuid NOT NULL
);


ALTER TABLE public.product_likes OWNER TO postgres;

--
-- TOC entry 219 (class 1259 OID 16418)
-- Name: products; Type: TABLE; Schema: public; Owner: postgres
--

CREATE TABLE public.products (
    id uuid NOT NULL,
    name text NOT NULL,
    price numeric NOT NULL,
    description text,
    category_id uuid,
    featured boolean NOT NULL
);


ALTER TABLE public.products OWNER TO postgres;

--
-- TOC entry 220 (class 1259 OID 16430)
-- Name: refresh_tokens; Type: TABLE; Schema: public; Owner: postgres
--

CREATE TABLE public.refresh_tokens (
    value uuid NOT NULL,
    expiration_date timestamp with time zone NOT NULL,
    user_id bigint NOT NULL
);


ALTER TABLE public.refresh_tokens OWNER TO postgres;

--
-- TOC entry 218 (class 1259 OID 16411)
-- Name: users; Type: TABLE; Schema: public; Owner: postgres
--

CREATE TABLE public.users (
    id bigint NOT NULL,
    username text NOT NULL,
    password_hash text NOT NULL,
    is_admin boolean NOT NULL
);


ALTER TABLE public.users OWNER TO postgres;

--
-- TOC entry 217 (class 1259 OID 16410)
-- Name: users_id_seq; Type: SEQUENCE; Schema: public; Owner: postgres
--

ALTER TABLE public.users ALTER COLUMN id ADD GENERATED BY DEFAULT AS IDENTITY (
    SEQUENCE NAME public.users_id_seq
    START WITH 1
    INCREMENT BY 1
    NO MINVALUE
    NO MAXVALUE
    CACHE 1
);


--
-- TOC entry 4822 (class 0 OID 16398)
-- Dependencies: 215
-- Data for Name: __EFMigrationsHistory; Type: TABLE DATA; Schema: public; Owner: postgres
--

INSERT INTO public."__EFMigrationsHistory" ("MigrationId", "ProductVersion") VALUES ('20240202151233_PostgresInitial', '7.0.14');
INSERT INTO public."__EFMigrationsHistory" ("MigrationId", "ProductVersion") VALUES ('20240222120909_AddProductLike', '7.0.14');
INSERT INTO public."__EFMigrationsHistory" ("MigrationId", "ProductVersion") VALUES ('20240328144009_MultipleImages', '7.0.14');
INSERT INTO public."__EFMigrationsHistory" ("MigrationId", "ProductVersion") VALUES ('20240328152654_MultipleImagesNamingFixes', '7.0.14');
INSERT INTO public."__EFMigrationsHistory" ("MigrationId", "ProductVersion") VALUES ('20240520163233_AddImageOrder', '7.0.14');


--
-- TOC entry 4823 (class 0 OID 16403)
-- Dependencies: 216
-- Data for Name: product_categories; Type: TABLE DATA; Schema: public; Owner: postgres
--

INSERT INTO public.product_categories (id, name) VALUES ('5c385e98-349e-4346-b599-08dbf034a83c', 'kategorja gnj');
INSERT INTO public.product_categories (id, name) VALUES ('75c559e1-8d66-11ee-8d1b-3065ec946484', 'Kategorija A');
INSERT INTO public.product_categories (id, name) VALUES ('75c59ced-8d66-11ee-8d1b-3065ec946484', 'Kategorija B');
INSERT INTO public.product_categories (id, name) VALUES ('75c5d728-8d66-11ee-8d1b-3065ec946484', 'Kategorija C');
INSERT INTO public.product_categories (id, name) VALUES ('75c6139a-8d66-11ee-8d1b-3065ec946484', 'Kategorija D');
INSERT INTO public.product_categories (id, name) VALUES ('df8d48f3-8b0d-4f2d-ad01-08dbf0370137', 'kategorija G');
INSERT INTO public.product_categories (id, name) VALUES ('fa776a6b-48b7-4877-ad02-08dbf0370137', 'kategorija nj');
INSERT INTO public.product_categories (id, name) VALUES ('2d9e931a-d772-4769-c258-08dbf5967eff', 'kategorija nova');
INSERT INTO public.product_categories (id, name) VALUES ('2f160d93-05e4-4c0f-cbfa-08dbf597f0a7', 'kategorija edit');
INSERT INTO public.product_categories (id, name) VALUES ('717dee36-de84-449c-35ab-08dc16b02ed2', 'test nova');
INSERT INTO public.product_categories (id, name) VALUES ('0e4eaba7-785a-44a6-35ac-08dc16b02ed2', 'auth test 2');
INSERT INTO public.product_categories (id, name) VALUES ('8840e368-2a6d-4839-ea05-08dc18613297', 'ref test');
INSERT INTO public.product_categories (id, name) VALUES ('f915fdbc-029d-4df6-ea06-08dc18613297', 'ref cat ');


--
-- TOC entry 4829 (class 0 OID 16454)
-- Dependencies: 222
-- Data for Name: product_images; Type: TABLE DATA; Schema: public; Owner: postgres
--

INSERT INTO public.product_images (product_id, image_name, "order") VALUES ('5d0e15b7-880b-43a5-6f2b-08dbabc56143', 'test6-ootg2syxb1a.jpg', 0);
INSERT INTO public.product_images (product_id, image_name, "order") VALUES ('5d0e15b7-880b-43a5-6f2b-08dbabc56143', 'test8-prfhrncyezx.jpg', 1);
INSERT INTO public.product_images (product_id, image_name, "order") VALUES ('03f6ae02-0bf7-4ded-4965-08dbdbce04bc', 'test6-3ax1rarufdt.jpg', 0);
INSERT INTO public.product_images (product_id, image_name, "order") VALUES ('03f6ae02-0bf7-4ded-4965-08dbdbce04bc', 'test5-wwofxym3vl4.jpg', 1);
INSERT INTO public.product_images (product_id, image_name, "order") VALUES ('03f6ae02-0bf7-4ded-4965-08dbdbce04bc', 'test2-am45fe54azo.jpg', 2);
INSERT INTO public.product_images (product_id, image_name, "order") VALUES ('03f6ae02-0bf7-4ded-4965-08dbdbce04bc', 'test7-wl3jpkdkdsm.jpg', 3);
INSERT INTO public.product_images (product_id, image_name, "order") VALUES ('6cf33825-191d-4dce-7b53-08dbeb8b0133', 'test6-w5cfjmqjuw2.jpg', 0);
INSERT INTO public.product_images (product_id, image_name, "order") VALUES ('788696c6-3d72-4f08-7b54-08dbeb8b0133', 'test6-ddsh4w0zfl5.jpg', 0);
INSERT INTO public.product_images (product_id, image_name, "order") VALUES ('788696c6-3d72-4f08-7b54-08dbeb8b0133', 'test2-uinncxur2wg.jpg', 1);
INSERT INTO public.product_images (product_id, image_name, "order") VALUES ('02aa8939-8adf-11ee-863a-3065ec946484', 'test4-4cme3hxsmmq.jpg', 0);
INSERT INTO public.product_images (product_id, image_name, "order") VALUES ('02aa8939-8adf-11ee-863a-3065ec946484', 'test2-eextxnvdyfe.jpg', 1);
INSERT INTO public.product_images (product_id, image_name, "order") VALUES ('02aa8939-8adf-11ee-863a-3065ec946484', 'test3-g4usyvrd5b3.jpg', 2);
INSERT INTO public.product_images (product_id, image_name, "order") VALUES ('15e0793a-8adf-11ee-863a-3065ec946484', 'test4-rqrdq2f44ve.jpg', 0);
INSERT INTO public.product_images (product_id, image_name, "order") VALUES ('15e0793a-8adf-11ee-863a-3065ec946484', 'test10-f1fkducp5it.jpg', 1);
INSERT INTO public.product_images (product_id, image_name, "order") VALUES ('4ae94d47-8adf-11ee-863a-3065ec946484', 'test4-zrmcbo2q1te.jpg', 0);
INSERT INTO public.product_images (product_id, image_name, "order") VALUES ('4ae94d47-8adf-11ee-863a-3065ec946484', 'test8-r40lmd044ke.jpg', 1);
INSERT INTO public.product_images (product_id, image_name, "order") VALUES ('4ae94d47-8adf-11ee-863a-3065ec946484', 'test10-5bj2tz5o2gt.jpg', 2);
INSERT INTO public.product_images (product_id, image_name, "order") VALUES ('4ae94d47-8adf-11ee-863a-3065ec946484', 'test2-mrhlfl5sprz.jpg', 3);
INSERT INTO public.product_images (product_id, image_name, "order") VALUES ('4ae94d47-8adf-11ee-863a-3065ec946484', 'test9-jz4v3it3imn.jpg', 4);
INSERT INTO public.product_images (product_id, image_name, "order") VALUES ('5ded7dd8-8adf-11ee-863a-3065ec946484', 'test7-x2gpcu2wy53.jpg', 0);
INSERT INTO public.product_images (product_id, image_name, "order") VALUES ('5ded7dd8-8adf-11ee-863a-3065ec946484', 'test4-pg5b20jpahq.jpg', 1);
INSERT INTO public.product_images (product_id, image_name, "order") VALUES ('5ded7dd8-8adf-11ee-863a-3065ec946484', 'test3-aqtuypjkjjp.jpg', 2);
INSERT INTO public.product_images (product_id, image_name, "order") VALUES ('f3014b1b-1a0f-4ccc-b7f8-08dbf1f234fa', 'test3-zfcqswxpwdg.jpg', 0);
INSERT INTO public.product_images (product_id, image_name, "order") VALUES ('f3014b1b-1a0f-4ccc-b7f8-08dbf1f234fa', 'test9-dvkbnthv3nt.jpg', 1);
INSERT INTO public.product_images (product_id, image_name, "order") VALUES ('f3014b1b-1a0f-4ccc-b7f8-08dbf1f234fa', 'test10-4fmscla2nfm.jpg', 2);
INSERT INTO public.product_images (product_id, image_name, "order") VALUES ('f3014b1b-1a0f-4ccc-b7f8-08dbf1f234fa', 'test4-r4earlutju5.jpg', 3);
INSERT INTO public.product_images (product_id, image_name, "order") VALUES ('edf56b4e-ce13-4688-d13f-08dbf01ff258', 'test5-0qcobrfu05i.jpg', 0);
INSERT INTO public.product_images (product_id, image_name, "order") VALUES ('edf56b4e-ce13-4688-d13f-08dbf01ff258', 'test3-ptqzghyk01m.jpg', 1);
INSERT INTO public.product_images (product_id, image_name, "order") VALUES ('edf56b4e-ce13-4688-d13f-08dbf01ff258', 'test8-alnbkecbieu.jpg', 2);
INSERT INTO public.product_images (product_id, image_name, "order") VALUES ('fab0df3f-b0d9-4a29-7c04-08dbef9a4d1c', 'test10-gpdjitkazrv.jpg', 0);
INSERT INTO public.product_images (product_id, image_name, "order") VALUES ('fab0df3f-b0d9-4a29-7c04-08dbef9a4d1c', 'test8-gri0dvoctth.jpg', 1);
INSERT INTO public.product_images (product_id, image_name, "order") VALUES ('fab0df3f-b0d9-4a29-7c04-08dbef9a4d1c', 'test4-5jgwxw5gpjo.jpg', 2);
INSERT INTO public.product_images (product_id, image_name, "order") VALUES ('5bdb581e-5323-4bd2-7c05-08dbef9a4d1c', 'test4-ncg2j0w5wcl.jpg', 0);
INSERT INTO public.product_images (product_id, image_name, "order") VALUES ('59d759a1-8dc5-4c33-b7f9-08dbf1f234fa', 'test7-rxhn13nfkyc.jpg', 0);
INSERT INTO public.product_images (product_id, image_name, "order") VALUES ('59d759a1-8dc5-4c33-b7f9-08dbf1f234fa', 'test6-5sx4crkig3u.jpg', 1);
INSERT INTO public.product_images (product_id, image_name, "order") VALUES ('59d759a1-8dc5-4c33-b7f9-08dbf1f234fa', 'test2-rrfskayc12p.jpg', 2);
INSERT INTO public.product_images (product_id, image_name, "order") VALUES ('59d759a1-8dc5-4c33-b7f9-08dbf1f234fa', 'test5-t0bfywrvzyc.jpg', 3);
INSERT INTO public.product_images (product_id, image_name, "order") VALUES ('0b7d15c5-e252-445e-a01c-08dbf58f8e2e', 'test10-5yk0nbzdmxe.jpg', 0);
INSERT INTO public.product_images (product_id, image_name, "order") VALUES ('ea91d973-293d-4a07-a01d-08dbf58f8e2e', 'test10-vwhqbgkcssy.jpg', 0);
INSERT INTO public.product_images (product_id, image_name, "order") VALUES ('ea91d973-293d-4a07-a01d-08dbf58f8e2e', 'test5-ogz2cmox3iz.jpg', 1);
INSERT INTO public.product_images (product_id, image_name, "order") VALUES ('ea91d973-293d-4a07-a01d-08dbf58f8e2e', 'test8-i1cn0nprexh.jpg', 2);
INSERT INTO public.product_images (product_id, image_name, "order") VALUES ('ea91d973-293d-4a07-a01d-08dbf58f8e2e', 'test7-q4pcw1ubpsb.jpg', 3);
INSERT INTO public.product_images (product_id, image_name, "order") VALUES ('81dafe6e-0632-43d8-a01e-08dbf58f8e2e', 'test2-oc0ndre0pos.jpg', 0);
INSERT INTO public.product_images (product_id, image_name, "order") VALUES ('81dafe6e-0632-43d8-a01e-08dbf58f8e2e', 'test4-njitf3v0gen.jpg', 1);
INSERT INTO public.product_images (product_id, image_name, "order") VALUES ('81dafe6e-0632-43d8-a01e-08dbf58f8e2e', 'test3-tdajm33mrok.jpg', 2);
INSERT INTO public.product_images (product_id, image_name, "order") VALUES ('81dafe6e-0632-43d8-a01e-08dbf58f8e2e', 'test6-te53zt0n0hd.jpg', 3);
INSERT INTO public.product_images (product_id, image_name, "order") VALUES ('ed2b5682-e7ce-4c82-983f-08dc16b0c56d', 'test9-zlduf0gbi3f.jpg', 0);
INSERT INTO public.product_images (product_id, image_name, "order") VALUES ('aae38655-1cc8-463a-9840-08dc16b0c56d', 'test8-usgwpzrrz1b.jpg', 0);
INSERT INTO public.product_images (product_id, image_name, "order") VALUES ('aae38655-1cc8-463a-9840-08dc16b0c56d', 'test7-pyzqqfja4vf.jpg', 1);
INSERT INTO public.product_images (product_id, image_name, "order") VALUES ('aae38655-1cc8-463a-9840-08dc16b0c56d', 'test3-lfbzih3hc0j.jpg', 2);
INSERT INTO public.product_images (product_id, image_name, "order") VALUES ('aae38655-1cc8-463a-9840-08dc16b0c56d', 'test10-ezcrlfwpmvd.jpg', 3);
INSERT INTO public.product_images (product_id, image_name, "order") VALUES ('aae38655-1cc8-463a-9840-08dc16b0c56d', 'test1-wun3iqudrec.jpg', 4);
INSERT INTO public.product_images (product_id, image_name, "order") VALUES ('a22d79e6-d929-4f4f-c9dc-08dc18615529', 'test9-tvl51ifwyeq.jpg', 0);
INSERT INTO public.product_images (product_id, image_name, "order") VALUES ('a22d79e6-d929-4f4f-c9dc-08dc18615529', 'test5-5cfnrw3qut5.jpg', 1);
INSERT INTO public.product_images (product_id, image_name, "order") VALUES ('44012a2b-1922-4787-c9dd-08dc18615529', 'test3-vj3y15103x2.jpg', 0);
INSERT INTO public.product_images (product_id, image_name, "order") VALUES ('44012a2b-1922-4787-c9dd-08dc18615529', 'test9-bueyuewoie0.jpg', 1);
INSERT INTO public.product_images (product_id, image_name, "order") VALUES ('44012a2b-1922-4787-c9dd-08dc18615529', 'test7-3xphn3mcqir.jpg', 2);
INSERT INTO public.product_images (product_id, image_name, "order") VALUES ('44012a2b-1922-4787-c9dd-08dc18615529', 'test6-3x4lesid4hd.jpg', 3);
INSERT INTO public.product_images (product_id, image_name, "order") VALUES ('44012a2b-1922-4787-c9dd-08dc18615529', 'test1-3kmxzzqjfsc.jpg', 4);
INSERT INTO public.product_images (product_id, image_name, "order") VALUES ('755e02ac-2116-4fcb-8dfc-08dc1c0fb283', 'test7-z3kx0venvua.jpg', 0);
INSERT INTO public.product_images (product_id, image_name, "order") VALUES ('755e02ac-2116-4fcb-8dfc-08dc1c0fb283', 'test4-0ansqw1ogni.jpg', 1);
INSERT INTO public.product_images (product_id, image_name, "order") VALUES ('691faf4b-b085-4816-8055-08dc1db0f974', 'test4-bfgmdhqsqln.jpg', 0);
INSERT INTO public.product_images (product_id, image_name, "order") VALUES ('691faf4b-b085-4816-8055-08dc1db0f974', 'test7-on5mh0jjoen.jpg', 1);
INSERT INTO public.product_images (product_id, image_name, "order") VALUES ('691faf4b-b085-4816-8055-08dc1db0f974', 'test9-i4gpfw5gik1.jpg', 2);
INSERT INTO public.product_images (product_id, image_name, "order") VALUES ('691faf4b-b085-4816-8055-08dc1db0f974', 'test1-mwrgvu0n5sf.jpg', 3);
INSERT INTO public.product_images (product_id, image_name, "order") VALUES ('5d0e15b7-880b-44a5-6f2b-08dbdbc56143', 'test10-kxb3ufnubs5.jpg', 0);
INSERT INTO public.product_images (product_id, image_name, "order") VALUES ('5d0e15b7-880b-44a5-6f2b-08dbdbc56143', 'test2-xoiimstlok4.jpg', 1);
INSERT INTO public.product_images (product_id, image_name, "order") VALUES ('5d0e15b7-880b-44a5-6f2b-08dbdbc56143', 'test9-o4c2ka3pf0d.jpg', 2);
INSERT INTO public.product_images (product_id, image_name, "order") VALUES ('3e56f565-e1e4-4ac7-4964-08dbdbce04bc', 'test3-fiji2z243ng.jpg', 0);
INSERT INTO public.product_images (product_id, image_name, "order") VALUES ('3e56f565-e1e4-4ac7-4964-08dbdbce04bc', 'test8-cvk4sygn0t0.jpg', 1);
INSERT INTO public.product_images (product_id, image_name, "order") VALUES ('cdc692d2-663a-454f-acf7-08dbe39b9b87', 'test8-ywqg4bs55zf.jpg', 0);
INSERT INTO public.product_images (product_id, image_name, "order") VALUES ('46208233-f4a7-4db0-93e1-97e516cd4acd', 'test10-qzk5dyl4ze2.jpg', 0);
INSERT INTO public.product_images (product_id, image_name, "order") VALUES ('46208233-f4a7-4db0-93e1-97e516cd4acd', 'test8-x4s0xorwfmi.jpg', 1);
INSERT INTO public.product_images (product_id, image_name, "order") VALUES ('46208233-f4a7-4db0-93e1-97e516cd4acd', 'test2-xj13prhsi2g.jpg', 2);
INSERT INTO public.product_images (product_id, image_name, "order") VALUES ('46208233-f4a7-4db0-93e1-97e516cd4acd', 'test3-ktnuanhzer5.jpg', 3);
INSERT INTO public.product_images (product_id, image_name, "order") VALUES ('545611ca-d9f8-45d5-a113-2ff23c6359a6', 'test10-j4lkufzlb2b.jpg', 0);
INSERT INTO public.product_images (product_id, image_name, "order") VALUES ('e4101236-1250-4705-a29f-efdfec0f3a0e', 'test4-3wx0zgprbtm.jpg', 0);
INSERT INTO public.product_images (product_id, image_name, "order") VALUES ('e4101236-1250-4705-a29f-efdfec0f3a0e', 'test6-c3qdlpu21hs.jpg', 1);
INSERT INTO public.product_images (product_id, image_name, "order") VALUES ('e4101236-1250-4705-a29f-efdfec0f3a0e', 'test7-vn0is1fcerx.jpg', 2);
INSERT INTO public.product_images (product_id, image_name, "order") VALUES ('e4101236-1250-4705-a29f-efdfec0f3a0e', 'test9-3sezvx53lgp.jpg', 3);


--
-- TOC entry 4828 (class 0 OID 16442)
-- Dependencies: 221
-- Data for Name: product_likes; Type: TABLE DATA; Schema: public; Owner: postgres
--

INSERT INTO public.product_likes (user_id, product_id) VALUES (1, '15e0793a-8adf-11ee-863a-3065ec946484');
INSERT INTO public.product_likes (user_id, product_id) VALUES (62, '15e0793a-8adf-11ee-863a-3065ec946484');
INSERT INTO public.product_likes (user_id, product_id) VALUES (20, 'fab0df3f-b0d9-4a29-7c04-08dbef9a4d1c');
INSERT INTO public.product_likes (user_id, product_id) VALUES (86, '44012a2b-1922-4787-c9dd-08dc18615529');
INSERT INTO public.product_likes (user_id, product_id) VALUES (56, '788696c6-3d72-4f08-7b54-08dbeb8b0133');
INSERT INTO public.product_likes (user_id, product_id) VALUES (73, 'ea91d973-293d-4a07-a01d-08dbf58f8e2e');
INSERT INTO public.product_likes (user_id, product_id) VALUES (89, '15e0793a-8adf-11ee-863a-3065ec946484');
INSERT INTO public.product_likes (user_id, product_id) VALUES (29, '59d759a1-8dc5-4c33-b7f9-08dbf1f234fa');
INSERT INTO public.product_likes (user_id, product_id) VALUES (53, '44012a2b-1922-4787-c9dd-08dc18615529');
INSERT INTO public.product_likes (user_id, product_id) VALUES (75, 'a22d79e6-d929-4f4f-c9dc-08dc18615529');
INSERT INTO public.product_likes (user_id, product_id) VALUES (80, '755e02ac-2116-4fcb-8dfc-08dc1c0fb283');
INSERT INTO public.product_likes (user_id, product_id) VALUES (51, '4ae94d47-8adf-11ee-863a-3065ec946484');
INSERT INTO public.product_likes (user_id, product_id) VALUES (41, '4ae94d47-8adf-11ee-863a-3065ec946484');
INSERT INTO public.product_likes (user_id, product_id) VALUES (66, '3e56f565-e1e4-4ac7-4964-08dbdbce04bc');
INSERT INTO public.product_likes (user_id, product_id) VALUES (66, '03f6ae02-0bf7-4ded-4965-08dbdbce04bc');
INSERT INTO public.product_likes (user_id, product_id) VALUES (91, 'ed2b5682-e7ce-4c82-983f-08dc16b0c56d');
INSERT INTO public.product_likes (user_id, product_id) VALUES (14, 'edf56b4e-ce13-4688-d13f-08dbf01ff258');
INSERT INTO public.product_likes (user_id, product_id) VALUES (3, '788696c6-3d72-4f08-7b54-08dbeb8b0133');
INSERT INTO public.product_likes (user_id, product_id) VALUES (71, '5bdb581e-5323-4bd2-7c05-08dbef9a4d1c');
INSERT INTO public.product_likes (user_id, product_id) VALUES (54, '6cf33825-191d-4dce-7b53-08dbeb8b0133');
INSERT INTO public.product_likes (user_id, product_id) VALUES (92, 'ea91d973-293d-4a07-a01d-08dbf58f8e2e');
INSERT INTO public.product_likes (user_id, product_id) VALUES (49, '5ded7dd8-8adf-11ee-863a-3065ec946484');
INSERT INTO public.product_likes (user_id, product_id) VALUES (102, 'f3014b1b-1a0f-4ccc-b7f8-08dbf1f234fa');
INSERT INTO public.product_likes (user_id, product_id) VALUES (56, '0b7d15c5-e252-445e-a01c-08dbf58f8e2e');
INSERT INTO public.product_likes (user_id, product_id) VALUES (66, 'ed2b5682-e7ce-4c82-983f-08dc16b0c56d');
INSERT INTO public.product_likes (user_id, product_id) VALUES (85, '5d0e15b7-880b-44a5-6f2b-08dbdbc56143');
INSERT INTO public.product_likes (user_id, product_id) VALUES (75, '5d0e15b7-880b-44a5-6f2b-08dbdbc56143');
INSERT INTO public.product_likes (user_id, product_id) VALUES (101, '5ded7dd8-8adf-11ee-863a-3065ec946484');
INSERT INTO public.product_likes (user_id, product_id) VALUES (39, '5d0e15b7-880b-43a5-6f2b-08dbabc56143');
INSERT INTO public.product_likes (user_id, product_id) VALUES (72, '691faf4b-b085-4816-8055-08dc1db0f974');
INSERT INTO public.product_likes (user_id, product_id) VALUES (63, '5bdb581e-5323-4bd2-7c05-08dbef9a4d1c');
INSERT INTO public.product_likes (user_id, product_id) VALUES (39, 'ea91d973-293d-4a07-a01d-08dbf58f8e2e');
INSERT INTO public.product_likes (user_id, product_id) VALUES (12, '5bdb581e-5323-4bd2-7c05-08dbef9a4d1c');
INSERT INTO public.product_likes (user_id, product_id) VALUES (19, '4ae94d47-8adf-11ee-863a-3065ec946484');
INSERT INTO public.product_likes (user_id, product_id) VALUES (39, 'f3014b1b-1a0f-4ccc-b7f8-08dbf1f234fa');
INSERT INTO public.product_likes (user_id, product_id) VALUES (17, '755e02ac-2116-4fcb-8dfc-08dc1c0fb283');
INSERT INTO public.product_likes (user_id, product_id) VALUES (40, '788696c6-3d72-4f08-7b54-08dbeb8b0133');
INSERT INTO public.product_likes (user_id, product_id) VALUES (95, '755e02ac-2116-4fcb-8dfc-08dc1c0fb283');
INSERT INTO public.product_likes (user_id, product_id) VALUES (71, '5d0e15b7-880b-44a5-6f2b-08dbdbc56143');
INSERT INTO public.product_likes (user_id, product_id) VALUES (85, '5d0e15b7-880b-43a5-6f2b-08dbabc56143');
INSERT INTO public.product_likes (user_id, product_id) VALUES (17, '15e0793a-8adf-11ee-863a-3065ec946484');
INSERT INTO public.product_likes (user_id, product_id) VALUES (42, 'edf56b4e-ce13-4688-d13f-08dbf01ff258');
INSERT INTO public.product_likes (user_id, product_id) VALUES (51, '5d0e15b7-880b-44a5-6f2b-08dbdbc56143');
INSERT INTO public.product_likes (user_id, product_id) VALUES (6, '44012a2b-1922-4787-c9dd-08dc18615529');
INSERT INTO public.product_likes (user_id, product_id) VALUES (26, '5ded7dd8-8adf-11ee-863a-3065ec946484');
INSERT INTO public.product_likes (user_id, product_id) VALUES (99, '03f6ae02-0bf7-4ded-4965-08dbdbce04bc');
INSERT INTO public.product_likes (user_id, product_id) VALUES (41, '3e56f565-e1e4-4ac7-4964-08dbdbce04bc');
INSERT INTO public.product_likes (user_id, product_id) VALUES (70, '5d0e15b7-880b-43a5-6f2b-08dbabc56143');
INSERT INTO public.product_likes (user_id, product_id) VALUES (27, 'edf56b4e-ce13-4688-d13f-08dbf01ff258');
INSERT INTO public.product_likes (user_id, product_id) VALUES (64, '5ded7dd8-8adf-11ee-863a-3065ec946484');
INSERT INTO public.product_likes (user_id, product_id) VALUES (58, '6cf33825-191d-4dce-7b53-08dbeb8b0133');
INSERT INTO public.product_likes (user_id, product_id) VALUES (58, 'ea91d973-293d-4a07-a01d-08dbf58f8e2e');
INSERT INTO public.product_likes (user_id, product_id) VALUES (100, 'aae38655-1cc8-463a-9840-08dc16b0c56d');
INSERT INTO public.product_likes (user_id, product_id) VALUES (75, '5ded7dd8-8adf-11ee-863a-3065ec946484');
INSERT INTO public.product_likes (user_id, product_id) VALUES (76, '03f6ae02-0bf7-4ded-4965-08dbdbce04bc');
INSERT INTO public.product_likes (user_id, product_id) VALUES (50, '788696c6-3d72-4f08-7b54-08dbeb8b0133');
INSERT INTO public.product_likes (user_id, product_id) VALUES (36, '44012a2b-1922-4787-c9dd-08dc18615529');
INSERT INTO public.product_likes (user_id, product_id) VALUES (64, '5bdb581e-5323-4bd2-7c05-08dbef9a4d1c');
INSERT INTO public.product_likes (user_id, product_id) VALUES (94, 'ed2b5682-e7ce-4c82-983f-08dc16b0c56d');
INSERT INTO public.product_likes (user_id, product_id) VALUES (95, '788696c6-3d72-4f08-7b54-08dbeb8b0133');
INSERT INTO public.product_likes (user_id, product_id) VALUES (60, 'ea91d973-293d-4a07-a01d-08dbf58f8e2e');
INSERT INTO public.product_likes (user_id, product_id) VALUES (83, '02aa8939-8adf-11ee-863a-3065ec946484');
INSERT INTO public.product_likes (user_id, product_id) VALUES (46, '81dafe6e-0632-43d8-a01e-08dbf58f8e2e');
INSERT INTO public.product_likes (user_id, product_id) VALUES (50, 'ed2b5682-e7ce-4c82-983f-08dc16b0c56d');
INSERT INTO public.product_likes (user_id, product_id) VALUES (93, '4ae94d47-8adf-11ee-863a-3065ec946484');
INSERT INTO public.product_likes (user_id, product_id) VALUES (33, '02aa8939-8adf-11ee-863a-3065ec946484');
INSERT INTO public.product_likes (user_id, product_id) VALUES (19, '6cf33825-191d-4dce-7b53-08dbeb8b0133');
INSERT INTO public.product_likes (user_id, product_id) VALUES (34, '02aa8939-8adf-11ee-863a-3065ec946484');
INSERT INTO public.product_likes (user_id, product_id) VALUES (46, '691faf4b-b085-4816-8055-08dc1db0f974');
INSERT INTO public.product_likes (user_id, product_id) VALUES (6, 'cdc692d2-663a-454f-acf7-08dbe39b9b87');
INSERT INTO public.product_likes (user_id, product_id) VALUES (97, '59d759a1-8dc5-4c33-b7f9-08dbf1f234fa');
INSERT INTO public.product_likes (user_id, product_id) VALUES (58, '755e02ac-2116-4fcb-8dfc-08dc1c0fb283');
INSERT INTO public.product_likes (user_id, product_id) VALUES (47, 'a22d79e6-d929-4f4f-c9dc-08dc18615529');
INSERT INTO public.product_likes (user_id, product_id) VALUES (2, '5ded7dd8-8adf-11ee-863a-3065ec946484');
INSERT INTO public.product_likes (user_id, product_id) VALUES (17, '81dafe6e-0632-43d8-a01e-08dbf58f8e2e');
INSERT INTO public.product_likes (user_id, product_id) VALUES (19, 'ea91d973-293d-4a07-a01d-08dbf58f8e2e');
INSERT INTO public.product_likes (user_id, product_id) VALUES (29, 'fab0df3f-b0d9-4a29-7c04-08dbef9a4d1c');
INSERT INTO public.product_likes (user_id, product_id) VALUES (83, '5ded7dd8-8adf-11ee-863a-3065ec946484');
INSERT INTO public.product_likes (user_id, product_id) VALUES (4, '02aa8939-8adf-11ee-863a-3065ec946484');
INSERT INTO public.product_likes (user_id, product_id) VALUES (100, '6cf33825-191d-4dce-7b53-08dbeb8b0133');
INSERT INTO public.product_likes (user_id, product_id) VALUES (75, '15e0793a-8adf-11ee-863a-3065ec946484');
INSERT INTO public.product_likes (user_id, product_id) VALUES (84, '5bdb581e-5323-4bd2-7c05-08dbef9a4d1c');
INSERT INTO public.product_likes (user_id, product_id) VALUES (87, '4ae94d47-8adf-11ee-863a-3065ec946484');
INSERT INTO public.product_likes (user_id, product_id) VALUES (32, '02aa8939-8adf-11ee-863a-3065ec946484');
INSERT INTO public.product_likes (user_id, product_id) VALUES (8, 'fab0df3f-b0d9-4a29-7c04-08dbef9a4d1c');
INSERT INTO public.product_likes (user_id, product_id) VALUES (55, 'aae38655-1cc8-463a-9840-08dc16b0c56d');
INSERT INTO public.product_likes (user_id, product_id) VALUES (84, '5d0e15b7-880b-43a5-6f2b-08dbabc56143');
INSERT INTO public.product_likes (user_id, product_id) VALUES (44, '5bdb581e-5323-4bd2-7c05-08dbef9a4d1c');
INSERT INTO public.product_likes (user_id, product_id) VALUES (7, 'a22d79e6-d929-4f4f-c9dc-08dc18615529');
INSERT INTO public.product_likes (user_id, product_id) VALUES (95, '3e56f565-e1e4-4ac7-4964-08dbdbce04bc');
INSERT INTO public.product_likes (user_id, product_id) VALUES (30, '03f6ae02-0bf7-4ded-4965-08dbdbce04bc');
INSERT INTO public.product_likes (user_id, product_id) VALUES (69, '5bdb581e-5323-4bd2-7c05-08dbef9a4d1c');
INSERT INTO public.product_likes (user_id, product_id) VALUES (8, 'aae38655-1cc8-463a-9840-08dc16b0c56d');
INSERT INTO public.product_likes (user_id, product_id) VALUES (11, '5d0e15b7-880b-44a5-6f2b-08dbdbc56143');
INSERT INTO public.product_likes (user_id, product_id) VALUES (91, '755e02ac-2116-4fcb-8dfc-08dc1c0fb283');
INSERT INTO public.product_likes (user_id, product_id) VALUES (73, '5bdb581e-5323-4bd2-7c05-08dbef9a4d1c');
INSERT INTO public.product_likes (user_id, product_id) VALUES (16, '15e0793a-8adf-11ee-863a-3065ec946484');
INSERT INTO public.product_likes (user_id, product_id) VALUES (57, 'a22d79e6-d929-4f4f-c9dc-08dc18615529');
INSERT INTO public.product_likes (user_id, product_id) VALUES (29, '02aa8939-8adf-11ee-863a-3065ec946484');
INSERT INTO public.product_likes (user_id, product_id) VALUES (44, 'f3014b1b-1a0f-4ccc-b7f8-08dbf1f234fa');
INSERT INTO public.product_likes (user_id, product_id) VALUES (64, 'edf56b4e-ce13-4688-d13f-08dbf01ff258');
INSERT INTO public.product_likes (user_id, product_id) VALUES (16, '0b7d15c5-e252-445e-a01c-08dbf58f8e2e');
INSERT INTO public.product_likes (user_id, product_id) VALUES (35, '3e56f565-e1e4-4ac7-4964-08dbdbce04bc');
INSERT INTO public.product_likes (user_id, product_id) VALUES (29, '15e0793a-8adf-11ee-863a-3065ec946484');
INSERT INTO public.product_likes (user_id, product_id) VALUES (47, '15e0793a-8adf-11ee-863a-3065ec946484');
INSERT INTO public.product_likes (user_id, product_id) VALUES (66, 'ea91d973-293d-4a07-a01d-08dbf58f8e2e');
INSERT INTO public.product_likes (user_id, product_id) VALUES (86, '5d0e15b7-880b-44a5-6f2b-08dbdbc56143');
INSERT INTO public.product_likes (user_id, product_id) VALUES (37, '02aa8939-8adf-11ee-863a-3065ec946484');
INSERT INTO public.product_likes (user_id, product_id) VALUES (4, '59d759a1-8dc5-4c33-b7f9-08dbf1f234fa');
INSERT INTO public.product_likes (user_id, product_id) VALUES (91, '59d759a1-8dc5-4c33-b7f9-08dbf1f234fa');
INSERT INTO public.product_likes (user_id, product_id) VALUES (12, '44012a2b-1922-4787-c9dd-08dc18615529');
INSERT INTO public.product_likes (user_id, product_id) VALUES (64, 'aae38655-1cc8-463a-9840-08dc16b0c56d');
INSERT INTO public.product_likes (user_id, product_id) VALUES (6, '03f6ae02-0bf7-4ded-4965-08dbdbce04bc');
INSERT INTO public.product_likes (user_id, product_id) VALUES (48, '5d0e15b7-880b-43a5-6f2b-08dbabc56143');
INSERT INTO public.product_likes (user_id, product_id) VALUES (9, '02aa8939-8adf-11ee-863a-3065ec946484');
INSERT INTO public.product_likes (user_id, product_id) VALUES (19, '81dafe6e-0632-43d8-a01e-08dbf58f8e2e');
INSERT INTO public.product_likes (user_id, product_id) VALUES (5, 'fab0df3f-b0d9-4a29-7c04-08dbef9a4d1c');
INSERT INTO public.product_likes (user_id, product_id) VALUES (39, '4ae94d47-8adf-11ee-863a-3065ec946484');
INSERT INTO public.product_likes (user_id, product_id) VALUES (87, 'edf56b4e-ce13-4688-d13f-08dbf01ff258');
INSERT INTO public.product_likes (user_id, product_id) VALUES (76, '788696c6-3d72-4f08-7b54-08dbeb8b0133');
INSERT INTO public.product_likes (user_id, product_id) VALUES (70, 'aae38655-1cc8-463a-9840-08dc16b0c56d');
INSERT INTO public.product_likes (user_id, product_id) VALUES (34, '03f6ae02-0bf7-4ded-4965-08dbdbce04bc');
INSERT INTO public.product_likes (user_id, product_id) VALUES (42, '788696c6-3d72-4f08-7b54-08dbeb8b0133');
INSERT INTO public.product_likes (user_id, product_id) VALUES (46, '4ae94d47-8adf-11ee-863a-3065ec946484');
INSERT INTO public.product_likes (user_id, product_id) VALUES (30, '02aa8939-8adf-11ee-863a-3065ec946484');
INSERT INTO public.product_likes (user_id, product_id) VALUES (85, 'ea91d973-293d-4a07-a01d-08dbf58f8e2e');
INSERT INTO public.product_likes (user_id, product_id) VALUES (46, 'ed2b5682-e7ce-4c82-983f-08dc16b0c56d');
INSERT INTO public.product_likes (user_id, product_id) VALUES (31, '788696c6-3d72-4f08-7b54-08dbeb8b0133');
INSERT INTO public.product_likes (user_id, product_id) VALUES (73, '44012a2b-1922-4787-c9dd-08dc18615529');
INSERT INTO public.product_likes (user_id, product_id) VALUES (52, '755e02ac-2116-4fcb-8dfc-08dc1c0fb283');
INSERT INTO public.product_likes (user_id, product_id) VALUES (40, 'ed2b5682-e7ce-4c82-983f-08dc16b0c56d');
INSERT INTO public.product_likes (user_id, product_id) VALUES (16, '59d759a1-8dc5-4c33-b7f9-08dbf1f234fa');
INSERT INTO public.product_likes (user_id, product_id) VALUES (26, 'cdc692d2-663a-454f-acf7-08dbe39b9b87');
INSERT INTO public.product_likes (user_id, product_id) VALUES (57, '5d0e15b7-880b-43a5-6f2b-08dbabc56143');
INSERT INTO public.product_likes (user_id, product_id) VALUES (78, '0b7d15c5-e252-445e-a01c-08dbf58f8e2e');
INSERT INTO public.product_likes (user_id, product_id) VALUES (12, '3e56f565-e1e4-4ac7-4964-08dbdbce04bc');
INSERT INTO public.product_likes (user_id, product_id) VALUES (23, '3e56f565-e1e4-4ac7-4964-08dbdbce04bc');
INSERT INTO public.product_likes (user_id, product_id) VALUES (26, '755e02ac-2116-4fcb-8dfc-08dc1c0fb283');
INSERT INTO public.product_likes (user_id, product_id) VALUES (61, '0b7d15c5-e252-445e-a01c-08dbf58f8e2e');
INSERT INTO public.product_likes (user_id, product_id) VALUES (11, 'ed2b5682-e7ce-4c82-983f-08dc16b0c56d');
INSERT INTO public.product_likes (user_id, product_id) VALUES (16, '44012a2b-1922-4787-c9dd-08dc18615529');
INSERT INTO public.product_likes (user_id, product_id) VALUES (10, '691faf4b-b085-4816-8055-08dc1db0f974');
INSERT INTO public.product_likes (user_id, product_id) VALUES (36, 'ea91d973-293d-4a07-a01d-08dbf58f8e2e');
INSERT INTO public.product_likes (user_id, product_id) VALUES (2, '81dafe6e-0632-43d8-a01e-08dbf58f8e2e');
INSERT INTO public.product_likes (user_id, product_id) VALUES (49, '15e0793a-8adf-11ee-863a-3065ec946484');
INSERT INTO public.product_likes (user_id, product_id) VALUES (15, '691faf4b-b085-4816-8055-08dc1db0f974');
INSERT INTO public.product_likes (user_id, product_id) VALUES (102, '5bdb581e-5323-4bd2-7c05-08dbef9a4d1c');
INSERT INTO public.product_likes (user_id, product_id) VALUES (28, 'fab0df3f-b0d9-4a29-7c04-08dbef9a4d1c');
INSERT INTO public.product_likes (user_id, product_id) VALUES (45, '5d0e15b7-880b-44a5-6f2b-08dbdbc56143');
INSERT INTO public.product_likes (user_id, product_id) VALUES (28, '5d0e15b7-880b-43a5-6f2b-08dbabc56143');
INSERT INTO public.product_likes (user_id, product_id) VALUES (49, '5d0e15b7-880b-44a5-6f2b-08dbdbc56143');
INSERT INTO public.product_likes (user_id, product_id) VALUES (84, '5ded7dd8-8adf-11ee-863a-3065ec946484');
INSERT INTO public.product_likes (user_id, product_id) VALUES (7, '15e0793a-8adf-11ee-863a-3065ec946484');
INSERT INTO public.product_likes (user_id, product_id) VALUES (83, '755e02ac-2116-4fcb-8dfc-08dc1c0fb283');
INSERT INTO public.product_likes (user_id, product_id) VALUES (64, '6cf33825-191d-4dce-7b53-08dbeb8b0133');
INSERT INTO public.product_likes (user_id, product_id) VALUES (46, '755e02ac-2116-4fcb-8dfc-08dc1c0fb283');
INSERT INTO public.product_likes (user_id, product_id) VALUES (96, 'edf56b4e-ce13-4688-d13f-08dbf01ff258');
INSERT INTO public.product_likes (user_id, product_id) VALUES (37, '6cf33825-191d-4dce-7b53-08dbeb8b0133');
INSERT INTO public.product_likes (user_id, product_id) VALUES (35, '691faf4b-b085-4816-8055-08dc1db0f974');
INSERT INTO public.product_likes (user_id, product_id) VALUES (70, '5d0e15b7-880b-44a5-6f2b-08dbdbc56143');
INSERT INTO public.product_likes (user_id, product_id) VALUES (41, '6cf33825-191d-4dce-7b53-08dbeb8b0133');
INSERT INTO public.product_likes (user_id, product_id) VALUES (97, 'edf56b4e-ce13-4688-d13f-08dbf01ff258');
INSERT INTO public.product_likes (user_id, product_id) VALUES (52, '44012a2b-1922-4787-c9dd-08dc18615529');
INSERT INTO public.product_likes (user_id, product_id) VALUES (20, '755e02ac-2116-4fcb-8dfc-08dc1c0fb283');
INSERT INTO public.product_likes (user_id, product_id) VALUES (72, 'ed2b5682-e7ce-4c82-983f-08dc16b0c56d');
INSERT INTO public.product_likes (user_id, product_id) VALUES (47, '5d0e15b7-880b-44a5-6f2b-08dbdbc56143');
INSERT INTO public.product_likes (user_id, product_id) VALUES (21, '5ded7dd8-8adf-11ee-863a-3065ec946484');
INSERT INTO public.product_likes (user_id, product_id) VALUES (101, '59d759a1-8dc5-4c33-b7f9-08dbf1f234fa');
INSERT INTO public.product_likes (user_id, product_id) VALUES (17, '5ded7dd8-8adf-11ee-863a-3065ec946484');
INSERT INTO public.product_likes (user_id, product_id) VALUES (76, '44012a2b-1922-4787-c9dd-08dc18615529');
INSERT INTO public.product_likes (user_id, product_id) VALUES (24, '15e0793a-8adf-11ee-863a-3065ec946484');
INSERT INTO public.product_likes (user_id, product_id) VALUES (31, 'fab0df3f-b0d9-4a29-7c04-08dbef9a4d1c');
INSERT INTO public.product_likes (user_id, product_id) VALUES (76, '02aa8939-8adf-11ee-863a-3065ec946484');
INSERT INTO public.product_likes (user_id, product_id) VALUES (77, '15e0793a-8adf-11ee-863a-3065ec946484');
INSERT INTO public.product_likes (user_id, product_id) VALUES (32, '5d0e15b7-880b-43a5-6f2b-08dbabc56143');
INSERT INTO public.product_likes (user_id, product_id) VALUES (30, '59d759a1-8dc5-4c33-b7f9-08dbf1f234fa');
INSERT INTO public.product_likes (user_id, product_id) VALUES (27, '788696c6-3d72-4f08-7b54-08dbeb8b0133');
INSERT INTO public.product_likes (user_id, product_id) VALUES (90, 'fab0df3f-b0d9-4a29-7c04-08dbef9a4d1c');
INSERT INTO public.product_likes (user_id, product_id) VALUES (40, '691faf4b-b085-4816-8055-08dc1db0f974');
INSERT INTO public.product_likes (user_id, product_id) VALUES (27, '5bdb581e-5323-4bd2-7c05-08dbef9a4d1c');
INSERT INTO public.product_likes (user_id, product_id) VALUES (39, 'cdc692d2-663a-454f-acf7-08dbe39b9b87');
INSERT INTO public.product_likes (user_id, product_id) VALUES (22, '4ae94d47-8adf-11ee-863a-3065ec946484');
INSERT INTO public.product_likes (user_id, product_id) VALUES (43, '5d0e15b7-880b-43a5-6f2b-08dbabc56143');
INSERT INTO public.product_likes (user_id, product_id) VALUES (94, 'edf56b4e-ce13-4688-d13f-08dbf01ff258');
INSERT INTO public.product_likes (user_id, product_id) VALUES (11, 'cdc692d2-663a-454f-acf7-08dbe39b9b87');
INSERT INTO public.product_likes (user_id, product_id) VALUES (28, '755e02ac-2116-4fcb-8dfc-08dc1c0fb283');
INSERT INTO public.product_likes (user_id, product_id) VALUES (31, '44012a2b-1922-4787-c9dd-08dc18615529');
INSERT INTO public.product_likes (user_id, product_id) VALUES (97, '02aa8939-8adf-11ee-863a-3065ec946484');
INSERT INTO public.product_likes (user_id, product_id) VALUES (86, 'ed2b5682-e7ce-4c82-983f-08dc16b0c56d');
INSERT INTO public.product_likes (user_id, product_id) VALUES (63, 'a22d79e6-d929-4f4f-c9dc-08dc18615529');
INSERT INTO public.product_likes (user_id, product_id) VALUES (44, 'fab0df3f-b0d9-4a29-7c04-08dbef9a4d1c');
INSERT INTO public.product_likes (user_id, product_id) VALUES (92, '5bdb581e-5323-4bd2-7c05-08dbef9a4d1c');
INSERT INTO public.product_likes (user_id, product_id) VALUES (47, 'ea91d973-293d-4a07-a01d-08dbf58f8e2e');
INSERT INTO public.product_likes (user_id, product_id) VALUES (51, '3e56f565-e1e4-4ac7-4964-08dbdbce04bc');
INSERT INTO public.product_likes (user_id, product_id) VALUES (81, '5d0e15b7-880b-43a5-6f2b-08dbabc56143');
INSERT INTO public.product_likes (user_id, product_id) VALUES (68, '5d0e15b7-880b-43a5-6f2b-08dbabc56143');
INSERT INTO public.product_likes (user_id, product_id) VALUES (18, '4ae94d47-8adf-11ee-863a-3065ec946484');
INSERT INTO public.product_likes (user_id, product_id) VALUES (65, 'cdc692d2-663a-454f-acf7-08dbe39b9b87');
INSERT INTO public.product_likes (user_id, product_id) VALUES (31, '3e56f565-e1e4-4ac7-4964-08dbdbce04bc');
INSERT INTO public.product_likes (user_id, product_id) VALUES (21, '02aa8939-8adf-11ee-863a-3065ec946484');
INSERT INTO public.product_likes (user_id, product_id) VALUES (34, 'a22d79e6-d929-4f4f-c9dc-08dc18615529');
INSERT INTO public.product_likes (user_id, product_id) VALUES (48, '691faf4b-b085-4816-8055-08dc1db0f974');
INSERT INTO public.product_likes (user_id, product_id) VALUES (73, 'cdc692d2-663a-454f-acf7-08dbe39b9b87');
INSERT INTO public.product_likes (user_id, product_id) VALUES (49, '4ae94d47-8adf-11ee-863a-3065ec946484');
INSERT INTO public.product_likes (user_id, product_id) VALUES (94, '4ae94d47-8adf-11ee-863a-3065ec946484');
INSERT INTO public.product_likes (user_id, product_id) VALUES (96, 'f3014b1b-1a0f-4ccc-b7f8-08dbf1f234fa');
INSERT INTO public.product_likes (user_id, product_id) VALUES (69, 'f3014b1b-1a0f-4ccc-b7f8-08dbf1f234fa');
INSERT INTO public.product_likes (user_id, product_id) VALUES (91, 'edf56b4e-ce13-4688-d13f-08dbf01ff258');
INSERT INTO public.product_likes (user_id, product_id) VALUES (4, '6cf33825-191d-4dce-7b53-08dbeb8b0133');
INSERT INTO public.product_likes (user_id, product_id) VALUES (82, '81dafe6e-0632-43d8-a01e-08dbf58f8e2e');
INSERT INTO public.product_likes (user_id, product_id) VALUES (46, '44012a2b-1922-4787-c9dd-08dc18615529');
INSERT INTO public.product_likes (user_id, product_id) VALUES (25, '6cf33825-191d-4dce-7b53-08dbeb8b0133');
INSERT INTO public.product_likes (user_id, product_id) VALUES (44, '691faf4b-b085-4816-8055-08dc1db0f974');
INSERT INTO public.product_likes (user_id, product_id) VALUES (96, '3e56f565-e1e4-4ac7-4964-08dbdbce04bc');
INSERT INTO public.product_likes (user_id, product_id) VALUES (77, '755e02ac-2116-4fcb-8dfc-08dc1c0fb283');
INSERT INTO public.product_likes (user_id, product_id) VALUES (23, '59d759a1-8dc5-4c33-b7f9-08dbf1f234fa');
INSERT INTO public.product_likes (user_id, product_id) VALUES (62, 'ea91d973-293d-4a07-a01d-08dbf58f8e2e');
INSERT INTO public.product_likes (user_id, product_id) VALUES (24, 'ed2b5682-e7ce-4c82-983f-08dc16b0c56d');
INSERT INTO public.product_likes (user_id, product_id) VALUES (3, '15e0793a-8adf-11ee-863a-3065ec946484');
INSERT INTO public.product_likes (user_id, product_id) VALUES (21, '5d0e15b7-880b-43a5-6f2b-08dbabc56143');
INSERT INTO public.product_likes (user_id, product_id) VALUES (92, '755e02ac-2116-4fcb-8dfc-08dc1c0fb283');
INSERT INTO public.product_likes (user_id, product_id) VALUES (20, 'aae38655-1cc8-463a-9840-08dc16b0c56d');
INSERT INTO public.product_likes (user_id, product_id) VALUES (91, '03f6ae02-0bf7-4ded-4965-08dbdbce04bc');
INSERT INTO public.product_likes (user_id, product_id) VALUES (21, 'cdc692d2-663a-454f-acf7-08dbe39b9b87');
INSERT INTO public.product_likes (user_id, product_id) VALUES (52, '691faf4b-b085-4816-8055-08dc1db0f974');
INSERT INTO public.product_likes (user_id, product_id) VALUES (86, '03f6ae02-0bf7-4ded-4965-08dbdbce04bc');
INSERT INTO public.product_likes (user_id, product_id) VALUES (49, '5d0e15b7-880b-43a5-6f2b-08dbabc56143');
INSERT INTO public.product_likes (user_id, product_id) VALUES (7, '81dafe6e-0632-43d8-a01e-08dbf58f8e2e');
INSERT INTO public.product_likes (user_id, product_id) VALUES (6, '691faf4b-b085-4816-8055-08dc1db0f974');
INSERT INTO public.product_likes (user_id, product_id) VALUES (23, '5d0e15b7-880b-44a5-6f2b-08dbdbc56143');
INSERT INTO public.product_likes (user_id, product_id) VALUES (79, '81dafe6e-0632-43d8-a01e-08dbf58f8e2e');
INSERT INTO public.product_likes (user_id, product_id) VALUES (84, '5d0e15b7-880b-44a5-6f2b-08dbdbc56143');
INSERT INTO public.product_likes (user_id, product_id) VALUES (97, '6cf33825-191d-4dce-7b53-08dbeb8b0133');
INSERT INTO public.product_likes (user_id, product_id) VALUES (85, 'a22d79e6-d929-4f4f-c9dc-08dc18615529');
INSERT INTO public.product_likes (user_id, product_id) VALUES (32, '5bdb581e-5323-4bd2-7c05-08dbef9a4d1c');
INSERT INTO public.product_likes (user_id, product_id) VALUES (94, 'ea91d973-293d-4a07-a01d-08dbf58f8e2e');
INSERT INTO public.product_likes (user_id, product_id) VALUES (18, '5ded7dd8-8adf-11ee-863a-3065ec946484');
INSERT INTO public.product_likes (user_id, product_id) VALUES (38, '5d0e15b7-880b-43a5-6f2b-08dbabc56143');
INSERT INTO public.product_likes (user_id, product_id) VALUES (42, '44012a2b-1922-4787-c9dd-08dc18615529');
INSERT INTO public.product_likes (user_id, product_id) VALUES (2, '5bdb581e-5323-4bd2-7c05-08dbef9a4d1c');
INSERT INTO public.product_likes (user_id, product_id) VALUES (59, '44012a2b-1922-4787-c9dd-08dc18615529');
INSERT INTO public.product_likes (user_id, product_id) VALUES (59, '691faf4b-b085-4816-8055-08dc1db0f974');
INSERT INTO public.product_likes (user_id, product_id) VALUES (6, 'ea91d973-293d-4a07-a01d-08dbf58f8e2e');
INSERT INTO public.product_likes (user_id, product_id) VALUES (27, '15e0793a-8adf-11ee-863a-3065ec946484');
INSERT INTO public.product_likes (user_id, product_id) VALUES (94, '02aa8939-8adf-11ee-863a-3065ec946484');
INSERT INTO public.product_likes (user_id, product_id) VALUES (31, 'ed2b5682-e7ce-4c82-983f-08dc16b0c56d');
INSERT INTO public.product_likes (user_id, product_id) VALUES (73, '03f6ae02-0bf7-4ded-4965-08dbdbce04bc');
INSERT INTO public.product_likes (user_id, product_id) VALUES (67, '4ae94d47-8adf-11ee-863a-3065ec946484');
INSERT INTO public.product_likes (user_id, product_id) VALUES (84, '15e0793a-8adf-11ee-863a-3065ec946484');
INSERT INTO public.product_likes (user_id, product_id) VALUES (28, '5d0e15b7-880b-44a5-6f2b-08dbdbc56143');
INSERT INTO public.product_likes (user_id, product_id) VALUES (83, 'ea91d973-293d-4a07-a01d-08dbf58f8e2e');
INSERT INTO public.product_likes (user_id, product_id) VALUES (60, '44012a2b-1922-4787-c9dd-08dc18615529');
INSERT INTO public.product_likes (user_id, product_id) VALUES (3, 'edf56b4e-ce13-4688-d13f-08dbf01ff258');
INSERT INTO public.product_likes (user_id, product_id) VALUES (28, '4ae94d47-8adf-11ee-863a-3065ec946484');
INSERT INTO public.product_likes (user_id, product_id) VALUES (36, '3e56f565-e1e4-4ac7-4964-08dbdbce04bc');
INSERT INTO public.product_likes (user_id, product_id) VALUES (93, '5d0e15b7-880b-44a5-6f2b-08dbdbc56143');
INSERT INTO public.product_likes (user_id, product_id) VALUES (90, '15e0793a-8adf-11ee-863a-3065ec946484');
INSERT INTO public.product_likes (user_id, product_id) VALUES (73, '5d0e15b7-880b-44a5-6f2b-08dbdbc56143');
INSERT INTO public.product_likes (user_id, product_id) VALUES (77, '59d759a1-8dc5-4c33-b7f9-08dbf1f234fa');
INSERT INTO public.product_likes (user_id, product_id) VALUES (49, '755e02ac-2116-4fcb-8dfc-08dc1c0fb283');
INSERT INTO public.product_likes (user_id, product_id) VALUES (88, '5bdb581e-5323-4bd2-7c05-08dbef9a4d1c');
INSERT INTO public.product_likes (user_id, product_id) VALUES (14, '691faf4b-b085-4816-8055-08dc1db0f974');
INSERT INTO public.product_likes (user_id, product_id) VALUES (99, '81dafe6e-0632-43d8-a01e-08dbf58f8e2e');
INSERT INTO public.product_likes (user_id, product_id) VALUES (31, 'ea91d973-293d-4a07-a01d-08dbf58f8e2e');
INSERT INTO public.product_likes (user_id, product_id) VALUES (40, '6cf33825-191d-4dce-7b53-08dbeb8b0133');
INSERT INTO public.product_likes (user_id, product_id) VALUES (24, '02aa8939-8adf-11ee-863a-3065ec946484');
INSERT INTO public.product_likes (user_id, product_id) VALUES (46, '03f6ae02-0bf7-4ded-4965-08dbdbce04bc');
INSERT INTO public.product_likes (user_id, product_id) VALUES (48, '755e02ac-2116-4fcb-8dfc-08dc1c0fb283');
INSERT INTO public.product_likes (user_id, product_id) VALUES (85, '4ae94d47-8adf-11ee-863a-3065ec946484');
INSERT INTO public.product_likes (user_id, product_id) VALUES (23, 'f3014b1b-1a0f-4ccc-b7f8-08dbf1f234fa');
INSERT INTO public.product_likes (user_id, product_id) VALUES (29, 'aae38655-1cc8-463a-9840-08dc16b0c56d');
INSERT INTO public.product_likes (user_id, product_id) VALUES (71, 'ea91d973-293d-4a07-a01d-08dbf58f8e2e');
INSERT INTO public.product_likes (user_id, product_id) VALUES (91, 'f3014b1b-1a0f-4ccc-b7f8-08dbf1f234fa');
INSERT INTO public.product_likes (user_id, product_id) VALUES (53, 'cdc692d2-663a-454f-acf7-08dbe39b9b87');
INSERT INTO public.product_likes (user_id, product_id) VALUES (55, '755e02ac-2116-4fcb-8dfc-08dc1c0fb283');
INSERT INTO public.product_likes (user_id, product_id) VALUES (53, '5d0e15b7-880b-43a5-6f2b-08dbabc56143');
INSERT INTO public.product_likes (user_id, product_id) VALUES (19, '691faf4b-b085-4816-8055-08dc1db0f974');
INSERT INTO public.product_likes (user_id, product_id) VALUES (67, '81dafe6e-0632-43d8-a01e-08dbf58f8e2e');
INSERT INTO public.product_likes (user_id, product_id) VALUES (11, '59d759a1-8dc5-4c33-b7f9-08dbf1f234fa');
INSERT INTO public.product_likes (user_id, product_id) VALUES (69, 'ed2b5682-e7ce-4c82-983f-08dc16b0c56d');
INSERT INTO public.product_likes (user_id, product_id) VALUES (83, 'edf56b4e-ce13-4688-d13f-08dbf01ff258');
INSERT INTO public.product_likes (user_id, product_id) VALUES (82, '788696c6-3d72-4f08-7b54-08dbeb8b0133');
INSERT INTO public.product_likes (user_id, product_id) VALUES (84, '788696c6-3d72-4f08-7b54-08dbeb8b0133');
INSERT INTO public.product_likes (user_id, product_id) VALUES (79, '5bdb581e-5323-4bd2-7c05-08dbef9a4d1c');
INSERT INTO public.product_likes (user_id, product_id) VALUES (3, '02aa8939-8adf-11ee-863a-3065ec946484');
INSERT INTO public.product_likes (user_id, product_id) VALUES (32, '0b7d15c5-e252-445e-a01c-08dbf58f8e2e');
INSERT INTO public.product_likes (user_id, product_id) VALUES (38, '59d759a1-8dc5-4c33-b7f9-08dbf1f234fa');
INSERT INTO public.product_likes (user_id, product_id) VALUES (18, 'ed2b5682-e7ce-4c82-983f-08dc16b0c56d');
INSERT INTO public.product_likes (user_id, product_id) VALUES (2, '03f6ae02-0bf7-4ded-4965-08dbdbce04bc');
INSERT INTO public.product_likes (user_id, product_id) VALUES (10, 'a22d79e6-d929-4f4f-c9dc-08dc18615529');
INSERT INTO public.product_likes (user_id, product_id) VALUES (53, '59d759a1-8dc5-4c33-b7f9-08dbf1f234fa');
INSERT INTO public.product_likes (user_id, product_id) VALUES (84, 'fab0df3f-b0d9-4a29-7c04-08dbef9a4d1c');
INSERT INTO public.product_likes (user_id, product_id) VALUES (86, '5bdb581e-5323-4bd2-7c05-08dbef9a4d1c');
INSERT INTO public.product_likes (user_id, product_id) VALUES (70, '15e0793a-8adf-11ee-863a-3065ec946484');
INSERT INTO public.product_likes (user_id, product_id) VALUES (43, '6cf33825-191d-4dce-7b53-08dbeb8b0133');
INSERT INTO public.product_likes (user_id, product_id) VALUES (36, '59d759a1-8dc5-4c33-b7f9-08dbf1f234fa');
INSERT INTO public.product_likes (user_id, product_id) VALUES (25, 'f3014b1b-1a0f-4ccc-b7f8-08dbf1f234fa');
INSERT INTO public.product_likes (user_id, product_id) VALUES (102, '02aa8939-8adf-11ee-863a-3065ec946484');
INSERT INTO public.product_likes (user_id, product_id) VALUES (59, 'aae38655-1cc8-463a-9840-08dc16b0c56d');
INSERT INTO public.product_likes (user_id, product_id) VALUES (29, '5ded7dd8-8adf-11ee-863a-3065ec946484');
INSERT INTO public.product_likes (user_id, product_id) VALUES (71, 'aae38655-1cc8-463a-9840-08dc16b0c56d');
INSERT INTO public.product_likes (user_id, product_id) VALUES (83, '3e56f565-e1e4-4ac7-4964-08dbdbce04bc');
INSERT INTO public.product_likes (user_id, product_id) VALUES (55, '81dafe6e-0632-43d8-a01e-08dbf58f8e2e');
INSERT INTO public.product_likes (user_id, product_id) VALUES (10, '755e02ac-2116-4fcb-8dfc-08dc1c0fb283');
INSERT INTO public.product_likes (user_id, product_id) VALUES (8, '59d759a1-8dc5-4c33-b7f9-08dbf1f234fa');
INSERT INTO public.product_likes (user_id, product_id) VALUES (48, 'aae38655-1cc8-463a-9840-08dc16b0c56d');
INSERT INTO public.product_likes (user_id, product_id) VALUES (36, '755e02ac-2116-4fcb-8dfc-08dc1c0fb283');
INSERT INTO public.product_likes (user_id, product_id) VALUES (56, 'a22d79e6-d929-4f4f-c9dc-08dc18615529');
INSERT INTO public.product_likes (user_id, product_id) VALUES (53, '02aa8939-8adf-11ee-863a-3065ec946484');
INSERT INTO public.product_likes (user_id, product_id) VALUES (91, '5d0e15b7-880b-44a5-6f2b-08dbdbc56143');
INSERT INTO public.product_likes (user_id, product_id) VALUES (2, '02aa8939-8adf-11ee-863a-3065ec946484');
INSERT INTO public.product_likes (user_id, product_id) VALUES (35, 'fab0df3f-b0d9-4a29-7c04-08dbef9a4d1c');
INSERT INTO public.product_likes (user_id, product_id) VALUES (2, '3e56f565-e1e4-4ac7-4964-08dbdbce04bc');
INSERT INTO public.product_likes (user_id, product_id) VALUES (7, '44012a2b-1922-4787-c9dd-08dc18615529');
INSERT INTO public.product_likes (user_id, product_id) VALUES (5, '5ded7dd8-8adf-11ee-863a-3065ec946484');
INSERT INTO public.product_likes (user_id, product_id) VALUES (81, '44012a2b-1922-4787-c9dd-08dc18615529');
INSERT INTO public.product_likes (user_id, product_id) VALUES (84, '4ae94d47-8adf-11ee-863a-3065ec946484');
INSERT INTO public.product_likes (user_id, product_id) VALUES (45, '15e0793a-8adf-11ee-863a-3065ec946484');
INSERT INTO public.product_likes (user_id, product_id) VALUES (21, '59d759a1-8dc5-4c33-b7f9-08dbf1f234fa');
INSERT INTO public.product_likes (user_id, product_id) VALUES (3, '81dafe6e-0632-43d8-a01e-08dbf58f8e2e');
INSERT INTO public.product_likes (user_id, product_id) VALUES (58, '44012a2b-1922-4787-c9dd-08dc18615529');
INSERT INTO public.product_likes (user_id, product_id) VALUES (79, '5d0e15b7-880b-43a5-6f2b-08dbabc56143');
INSERT INTO public.product_likes (user_id, product_id) VALUES (43, 'a22d79e6-d929-4f4f-c9dc-08dc18615529');
INSERT INTO public.product_likes (user_id, product_id) VALUES (50, 'ea91d973-293d-4a07-a01d-08dbf58f8e2e');
INSERT INTO public.product_likes (user_id, product_id) VALUES (58, 'ed2b5682-e7ce-4c82-983f-08dc16b0c56d');
INSERT INTO public.product_likes (user_id, product_id) VALUES (7, '5bdb581e-5323-4bd2-7c05-08dbef9a4d1c');
INSERT INTO public.product_likes (user_id, product_id) VALUES (89, '691faf4b-b085-4816-8055-08dc1db0f974');
INSERT INTO public.product_likes (user_id, product_id) VALUES (55, '5d0e15b7-880b-43a5-6f2b-08dbabc56143');
INSERT INTO public.product_likes (user_id, product_id) VALUES (7, '788696c6-3d72-4f08-7b54-08dbeb8b0133');
INSERT INTO public.product_likes (user_id, product_id) VALUES (85, '3e56f565-e1e4-4ac7-4964-08dbdbce04bc');
INSERT INTO public.product_likes (user_id, product_id) VALUES (9, '5d0e15b7-880b-43a5-6f2b-08dbabc56143');
INSERT INTO public.product_likes (user_id, product_id) VALUES (17, '788696c6-3d72-4f08-7b54-08dbeb8b0133');
INSERT INTO public.product_likes (user_id, product_id) VALUES (47, 'ed2b5682-e7ce-4c82-983f-08dc16b0c56d');
INSERT INTO public.product_likes (user_id, product_id) VALUES (42, '755e02ac-2116-4fcb-8dfc-08dc1c0fb283');
INSERT INTO public.product_likes (user_id, product_id) VALUES (94, '0b7d15c5-e252-445e-a01c-08dbf58f8e2e');
INSERT INTO public.product_likes (user_id, product_id) VALUES (19, 'a22d79e6-d929-4f4f-c9dc-08dc18615529');
INSERT INTO public.product_likes (user_id, product_id) VALUES (32, '691faf4b-b085-4816-8055-08dc1db0f974');
INSERT INTO public.product_likes (user_id, product_id) VALUES (27, '59d759a1-8dc5-4c33-b7f9-08dbf1f234fa');
INSERT INTO public.product_likes (user_id, product_id) VALUES (8, '691faf4b-b085-4816-8055-08dc1db0f974');
INSERT INTO public.product_likes (user_id, product_id) VALUES (39, '5d0e15b7-880b-44a5-6f2b-08dbdbc56143');
INSERT INTO public.product_likes (user_id, product_id) VALUES (78, '5d0e15b7-880b-44a5-6f2b-08dbdbc56143');
INSERT INTO public.product_likes (user_id, product_id) VALUES (25, '4ae94d47-8adf-11ee-863a-3065ec946484');
INSERT INTO public.product_likes (user_id, product_id) VALUES (87, 'ed2b5682-e7ce-4c82-983f-08dc16b0c56d');
INSERT INTO public.product_likes (user_id, product_id) VALUES (102, '5d0e15b7-880b-43a5-6f2b-08dbabc56143');
INSERT INTO public.product_likes (user_id, product_id) VALUES (23, '5d0e15b7-880b-43a5-6f2b-08dbabc56143');
INSERT INTO public.product_likes (user_id, product_id) VALUES (88, '691faf4b-b085-4816-8055-08dc1db0f974');
INSERT INTO public.product_likes (user_id, product_id) VALUES (93, 'cdc692d2-663a-454f-acf7-08dbe39b9b87');
INSERT INTO public.product_likes (user_id, product_id) VALUES (16, '3e56f565-e1e4-4ac7-4964-08dbdbce04bc');
INSERT INTO public.product_likes (user_id, product_id) VALUES (7, '755e02ac-2116-4fcb-8dfc-08dc1c0fb283');
INSERT INTO public.product_likes (user_id, product_id) VALUES (49, 'a22d79e6-d929-4f4f-c9dc-08dc18615529');
INSERT INTO public.product_likes (user_id, product_id) VALUES (8, 'a22d79e6-d929-4f4f-c9dc-08dc18615529');
INSERT INTO public.product_likes (user_id, product_id) VALUES (66, '755e02ac-2116-4fcb-8dfc-08dc1c0fb283');
INSERT INTO public.product_likes (user_id, product_id) VALUES (80, '3e56f565-e1e4-4ac7-4964-08dbdbce04bc');
INSERT INTO public.product_likes (user_id, product_id) VALUES (19, '5bdb581e-5323-4bd2-7c05-08dbef9a4d1c');
INSERT INTO public.product_likes (user_id, product_id) VALUES (49, '3e56f565-e1e4-4ac7-4964-08dbdbce04bc');
INSERT INTO public.product_likes (user_id, product_id) VALUES (3, '5bdb581e-5323-4bd2-7c05-08dbef9a4d1c');
INSERT INTO public.product_likes (user_id, product_id) VALUES (80, '5d0e15b7-880b-44a5-6f2b-08dbdbc56143');
INSERT INTO public.product_likes (user_id, product_id) VALUES (66, '788696c6-3d72-4f08-7b54-08dbeb8b0133');
INSERT INTO public.product_likes (user_id, product_id) VALUES (68, '4ae94d47-8adf-11ee-863a-3065ec946484');
INSERT INTO public.product_likes (user_id, product_id) VALUES (68, '81dafe6e-0632-43d8-a01e-08dbf58f8e2e');
INSERT INTO public.product_likes (user_id, product_id) VALUES (62, '691faf4b-b085-4816-8055-08dc1db0f974');
INSERT INTO public.product_likes (user_id, product_id) VALUES (34, 'fab0df3f-b0d9-4a29-7c04-08dbef9a4d1c');
INSERT INTO public.product_likes (user_id, product_id) VALUES (81, '59d759a1-8dc5-4c33-b7f9-08dbf1f234fa');
INSERT INTO public.product_likes (user_id, product_id) VALUES (47, '4ae94d47-8adf-11ee-863a-3065ec946484');
INSERT INTO public.product_likes (user_id, product_id) VALUES (13, '5d0e15b7-880b-43a5-6f2b-08dbabc56143');
INSERT INTO public.product_likes (user_id, product_id) VALUES (19, '788696c6-3d72-4f08-7b54-08dbeb8b0133');
INSERT INTO public.product_likes (user_id, product_id) VALUES (13, '6cf33825-191d-4dce-7b53-08dbeb8b0133');


--
-- TOC entry 4826 (class 0 OID 16418)
-- Dependencies: 219
-- Data for Name: products; Type: TABLE DATA; Schema: public; Owner: postgres
--

INSERT INTO public.products (id, name, price, description, category_id, featured) VALUES ('5d0e15b7-880b-43a5-6f2b-08dbabc56143', 'Proizvod test opet update', 1600.91, 'Lorem ipsum dolor sit amet, consectetur adipiscing elit. Pellentesque eu fermentum massa, ut dictum massa. Vivamus feugiat, risus ut bibendum pretium, nisl tellus rhoncus dui, eget gravida eros leo vitae ipsum. Morbi suscipit condimentum velit nec gravida. Duis imperdiet eros nisi, non sagittis orci sodales nec. Aliquam quis velit eget erat ullamcorper vestibulum. In hac habitasse platea dictumst. In ex mi, dignissim et velit non, sollicitudin accumsan nisl. Aenean sapien metus, vestibulum laoreet suscipit ut, pharetra vel arcu. Praesent dapibus justo nec felis faucibus iaculis. Etiam bibendum tellus vitae odio suscipit, in volutpat lectus porttitor. Etiam eu dignissim dolor. Sed ullamcorper eget nunc vel consequat. Nam euismod elit ut imperdiet ornare. Aliquam eget auctor arcu. Quisque viverra hendrerit interdum. Duis eu consequat sapien, sit amet suscipit tortor.', '75c59ced-8d66-11ee-8d1b-3065ec946484', false);
INSERT INTO public.products (id, name, price, description, category_id, featured) VALUES ('03f6ae02-0bf7-4ded-4965-08dbdbce04bc', 'jos jedan proizvod 4', 205.00, 'Suspendisse sollicitudin sed eros non posuere. Aliquam erat volutpat. In hac habitasse platea dictumst. In nulla leo, condimentum vitae scelerisque at, feugiat quis mauris. Sed elementum augue non mattis congue. Etiam fringilla elit ac justo interdum mattis. Proin tempor massa in porta facilisis. Sed at tellus in quam condimentum fermentum sit amet ac orci. Nullam elementum nisi elit, dictum vulputate quam tincidunt at. Etiam tellus mi, sagittis nec commodo placerat, posuere ac libero. Fusce faucibus eleifend nunc, euismod feugiat risus laoreet a. Duis bibendum enim nisl, laoreet efficitur enim consequat nec. Sed velit urna, feugiat vitae lectus eget, euismod condimentum sem. Duis sit amet dolor eget augue feugiat mollis quis non est. Praesent aliquet risus vel purus ullamcorper ultrices. Phasellus mattis turpis dolor, quis ullamcorper velit laoreet eu.', '75c5d728-8d66-11ee-8d1b-3065ec946484', false);
INSERT INTO public.products (id, name, price, description, category_id, featured) VALUES ('6cf33825-191d-4dce-7b53-08dbeb8b0133', 'test add', 100.00, 'Vestibulum et urna laoreet, pellentesque nisl ac, dignissim ante. Interdum et malesuada fames ac ante ipsum primis in faucibus. Suspendisse blandit massa et lacus tristique ullamcorper. In blandit mauris lacus, eget mollis justo mollis eget. Aliquam vehicula sed nulla a vestibulum. Donec quam massa, bibendum ut mauris nec, bibendum congue libero. Nunc condimentum condimentum risus, in maximus nibh luctus ut. Nam facilisis justo a sapien varius, vitae semper justo sagittis. Donec sodales, eros a ultricies dictum, magna lorem pellentesque felis, et fermentum enim felis id lacus. Cras neque justo, congue rhoncus ullamcorper ut, accumsan ut mauris. Sed dictum et elit vel ultricies. Ut faucibus purus at dolor pulvinar, at molestie ex vehicula. Nullam fringilla a quam vel elementum. Vivamus vulputate, neque sit amet gravida porttitor, elit augue mollis nisl, sed vulputate leo dolor et eros. Mauris cursus, libero sit amet hendrerit consequat, orci risus elementum urna, eu dignissim nunc velit vel eros. Integer posuere tempus tortor, vitae blandit orci posuere sed.', '75c559e1-8d66-11ee-8d1b-3065ec946484', false);
INSERT INTO public.products (id, name, price, description, category_id, featured) VALUES ('788696c6-3d72-4f08-7b54-08dbeb8b0133', 'jos jedan test', 0.03, 'Ut eu ante diam. Donec ut feugiat est. Etiam egestas nisl eu tristique bibendum. Curabitur vitae mauris velit. Etiam vulputate libero eget pellentesque euismod. Pellentesque non leo nec dui convallis tristique ut sit amet quam. Quisque laoreet sed diam a eleifend. Vestibulum imperdiet ullamcorper ipsum quis auctor. Donec blandit luctus ante, quis maximus dui sollicitudin quis. Nam posuere augue nisi, sed mattis dui sollicitudin ac. Maecenas at fermentum eros, ac sagittis mauris. Donec quis tristique justo. Vivamus sit amet nunc ac velit finibus faucibus. Proin sit amet dapibus sem. Nunc ut leo et ligula elementum vestibulum.', '75c59ced-8d66-11ee-8d1b-3065ec946484', true);
INSERT INTO public.products (id, name, price, description, category_id, featured) VALUES ('02aa8939-8adf-11ee-863a-3065ec946484', 'Dodatni 1', 12.00, 'Cras tempus hendrerit erat, at finibus libero tristique nec. Morbi a commodo nisl. Curabitur vehicula nulla velit, quis tincidunt turpis lobortis quis. Fusce eget felis vel risus blandit faucibus vitae at tortor. Nunc feugiat ante sit amet vehicula lobortis. Morbi maximus efficitur est. Ut blandit, elit sit amet venenatis molestie, neque ipsum rutrum quam, sit amet vulputate turpis tellus vel quam. Donec tempus sapien sit amet ligula consectetur pharetra. Quisque vehicula suscipit congue. Aenean maximus ipsum non efficitur feugiat. Pellentesque cursus massa metus, vel tempus ante tempus at. Suspendisse nisl nulla, pretium ac elit eu, ultrices sodales est. Phasellus sagittis nulla et libero lobortis, at blandit ex posuere. Curabitur luctus orci sed ipsum iaculis rhoncus. In consectetur efficitur lacus, id facilisis arcu vehicula vel. Phasellus volutpat finibus justo eget semper.', '75c559e1-8d66-11ee-8d1b-3065ec946484', false);
INSERT INTO public.products (id, name, price, description, category_id, featured) VALUES ('15e0793a-8adf-11ee-863a-3065ec946484', 'Dodatni 2', 9.00, 'Pellentesque pretium consectetur nulla vel ultricies. Nullam id neque a dolor suscipit eleifend. Vestibulum eu varius turpis, nec gravida ligula. Nulla tempus, orci fermentum bibendum commodo, elit diam ultricies magna, quis euismod felis mauris ac leo. Morbi vehicula pharetra sagittis. Donec vitae lacus dictum, rutrum sapien quis, tincidunt dolor. Nam mi ex, tempus id mi at, sodales imperdiet ipsum. Phasellus pellentesque augue at tortor tempus, quis dictum ante malesuada. Vivamus efficitur, quam non facilisis consectetur, nisi felis pharetra sem, in fringilla justo neque accumsan arcu. Integer quis mollis mi.', NULL, false);
INSERT INTO public.products (id, name, price, description, category_id, featured) VALUES ('4ae94d47-8adf-11ee-863a-3065ec946484', 'Dodatni 3', 9.00, 'Mauris leo sapien, laoreet eu purus ut, eleifend pulvinar ligula. Praesent semper magna ut justo tristique egestas id maximus nibh. Aenean porta libero in leo vestibulum, eu bibendum ex semper. Nullam scelerisque risus diam, luctus suscipit sapien ultricies ut. Donec accumsan purus nec iaculis fringilla. Integer dapibus auctor luctus. Vestibulum arcu enim, vulputate non sapien nec, porttitor luctus mi. Ut id dui erat. Proin eleifend, nulla vel rutrum tempus, eros lectus ultricies arcu, vel pretium metus nulla sit amet urna. Vestibulum ut vehicula lacus. Sed sem odio, interdum non velit a, ultricies faucibus metus. Cras dapibus sit amet metus quis consectetur. Vivamus consectetur dolor id purus scelerisque blandit.', '75c5d728-8d66-11ee-8d1b-3065ec946484', true);
INSERT INTO public.products (id, name, price, description, category_id, featured) VALUES ('5ded7dd8-8adf-11ee-863a-3065ec946484', 'Dodatni 4', 21.00, 'In hac habitasse platea dictumst. Vivamus sit amet fermentum massa. Nam quis ligula purus. Integer sed sollicitudin sapien. Donec sed eros vulputate, interdum arcu in, congue metus. Suspendisse mattis eros dapibus, tincidunt eros ac, lobortis dui. Integer a egestas libero. Vivamus dignissim rhoncus venenatis. Phasellus cursus et nisl scelerisque consequat. Aenean at hendrerit arcu, non molestie risus. Etiam mollis fringilla egestas. Nam maximus bibendum viverra. Proin egestas enim justo, ac dignissim ante auctor at. Integer ex velit, lobortis vel cursus sollicitudin, laoreet quis diam.', NULL, false);
INSERT INTO public.products (id, name, price, description, category_id, featured) VALUES ('f3014b1b-1a0f-4ccc-b7f8-08dbf1f234fa', 'test dodaj kategorija', 0.06, 'Curabitur egestas mi et massa vulputate porta. Maecenas finibus vitae enim sed ultricies. Maecenas vitae consequat ligula. Proin placerat nibh a neque suscipit, in pellentesque massa dictum. Ut faucibus urna erat, vitae sagittis turpis rutrum sit amet. Vestibulum augue sapien, vestibulum quis cursus ut, suscipit in enim. Sed consequat vitae odio nec interdum. Morbi finibus ante eu erat consequat, at scelerisque orci euismod. Mauris aliquet ante id nulla venenatis feugiat. Vestibulum fermentum cursus sodales. Lorem ipsum dolor sit amet, consectetur adipiscing elit. Curabitur accumsan nunc sit amet aliquet congue. Duis volutpat placerat nibh, in gravida mauris sodales a. Phasellus in eros sed orci facilisis molestie. Donec orci magna, sagittis tincidunt odio sit amet, pellentesque mollis magna. Vestibulum pellentesque, felis eu bibendum molestie, urna nibh venenatis lorem, vel iaculis mi velit nec purus.', '75c6139a-8d66-11ee-8d1b-3065ec946484', false);
INSERT INTO public.products (id, name, price, description, category_id, featured) VALUES ('edf56b4e-ce13-4688-d13f-08dbf01ff258', 'TEST sa kategorijom 2', 10.20, 'Interdum et malesuada fames ac ante ipsum primis in faucibus. Morbi varius tincidunt felis sed fermentum. Aliquam vehicula velit non mauris accumsan, eu bibendum velit feugiat. Morbi et tellus vestibulum purus volutpat egestas. Sed vitae vestibulum tellus, volutpat scelerisque lectus. Pellentesque facilisis, lectus id dignissim imperdiet, lectus felis volutpat arcu, quis mattis metus nulla vel est. Proin vestibulum ipsum arcu, sit amet posuere risus convallis tincidunt. Ut tristique lacus nec iaculis congue.', '75c59ced-8d66-11ee-8d1b-3065ec946484', false);
INSERT INTO public.products (id, name, price, description, category_id, featured) VALUES ('fab0df3f-b0d9-4a29-7c04-08dbef9a4d1c', 'TEST bez kategorije', 102.00, 'Proin molestie convallis facilisis. Sed in placerat elit. Vestibulum ante lectus, elementum ut quam eget, porttitor viverra nunc. Cras gravida, lacus vel posuere blandit, tortor sem porta nunc, ac euismod elit dolor eu tortor. Mauris feugiat odio porttitor magna fringilla, nec pellentesque lectus scelerisque. Sed nec laoreet massa. Suspendisse facilisis feugiat porttitor. Nulla sagittis, nulla vitae vehicula lacinia, nibh tortor mollis sapien, eu tempor tortor neque ac lacus. Fusce eu auctor lacus, quis congue risus. Donec dictum magna at sagittis euismod. Phasellus vestibulum purus ac tincidunt tincidunt. Quisque id volutpat neque, ut lacinia elit. Maecenas volutpat metus nec metus porttitor cursus. Integer vestibulum leo at luctus condimentum. Donec mi nibh, gravida ac est ac, condimentum pharetra mauris. Sed luctus, ipsum quis bibendum aliquam, nibh neque convallis turpis, non suscipit orci tellus ut metus.', NULL, false);
INSERT INTO public.products (id, name, price, description, category_id, featured) VALUES ('5bdb581e-5323-4bd2-7c05-08dbef9a4d1c', 'test jos jednom', 21.00, 'Sed sed auctor lectus. Morbi et aliquet justo, ac consequat metus. Integer eu egestas lorem. Vestibulum ac massa vestibulum, pellentesque elit ut, pulvinar nibh. Fusce tincidunt augue quis odio auctor pellentesque. Sed suscipit dapibus nisi. Donec malesuada augue metus, vel porta felis laoreet id. Donec facilisis ante risus, vel porta enim consequat id. Ut consequat enim non sem imperdiet, vitae suscipit nibh placerat. In ut ipsum ullamcorper, condimentum dui sed, aliquam augue. Mauris euismod pretium orci, quis scelerisque mi imperdiet eget. Curabitur malesuada orci purus, quis placerat neque elementum a. Morbi nec viverra mauris. Donec vulputate massa lorem, ut ultrices dolor fringilla at. Proin eu condimentum lorem, vel molestie nibh. Aliquam sodales orci sed tortor efficitur maximus.', NULL, false);
INSERT INTO public.products (id, name, price, description, category_id, featured) VALUES ('59d759a1-8dc5-4c33-b7f9-08dbf1f234fa', 'test dodaj nema kat', 0.07, 'Donec non mauris at nisl tempor euismod nec sit amet nulla. Sed accumsan imperdiet euismod. Nunc augue purus, finibus quis risus in, congue aliquet mauris. Aliquam efficitur dolor ac ultrices vestibulum. Mauris ut viverra dui, nec lacinia arcu. Pellentesque tempus leo tellus, id luctus nulla pretium et. Suspendisse ut fringilla magna. Nullam rutrum posuere mollis. Proin nibh dui, dapibus id porta non, aliquet eu dui. Vestibulum facilisis vestibulum velit, et lacinia dui facilisis vitae. Proin pulvinar vitae leo ac convallis.', NULL, false);
INSERT INTO public.products (id, name, price, description, category_id, featured) VALUES ('0b7d15c5-e252-445e-a01c-08dbf58f8e2e', 'Novi izdvojeni', 100.00, 'Suspendisse potenti. Pellentesque sed odio tempor, fringilla mauris a, rutrum massa. Vestibulum ante ipsum primis in faucibus orci luctus et ultrices posuere cubilia curae; Integer ut mattis ligula. Aliquam nulla leo, commodo vitae ex id, congue dignissim tortor. Sed pharetra vehicula nunc id elementum. Fusce vel placerat tellus, sit amet pulvinar mi. Fusce in sapien lorem. Mauris sit amet dapibus ante. Sed pellentesque nunc lacus, ac fermentum massa cursus vitae. Nulla in lacus consequat, rutrum justo non, dictum enim. Fusce ac elementum tortor. Nunc molestie lectus dictum ex interdum consectetur. Nulla facilisi.', NULL, true);
INSERT INTO public.products (id, name, price, description, category_id, featured) VALUES ('ea91d973-293d-4a07-a01d-08dbf58f8e2e', 'Novi neizdvojeni', 101.00, 'Ut sit amet volutpat arcu. Quisque sed augue ac turpis mollis condimentum ac bibendum erat. Pellentesque felis orci, molestie id tellus sit amet, pharetra convallis metus. Suspendisse odio lectus, finibus aliquet rhoncus sed, hendrerit ut ligula. Etiam nec feugiat ex. Nulla semper convallis purus vel vestibulum. Maecenas commodo blandit metus, aliquam consectetur ipsum viverra vel. Nullam maximus, elit eu rhoncus pulvinar, purus eros pharetra tortor, a vestibulum elit mauris quis velit. Pellentesque malesuada ligula at tellus finibus sagittis. Vestibulum tempor enim et turpis blandit, in pulvinar purus faucibus. Vivamus posuere mi ac nisi consequat feugiat. Nulla congue augue non mattis bibendum. Ut pellentesque tellus nec dolor sodales facilisis. Aenean ultrices lacinia mauris, consectetur tempor risus molestie vitae.', NULL, false);
INSERT INTO public.products (id, name, price, description, category_id, featured) VALUES ('81dafe6e-0632-43d8-a01e-08dbf58f8e2e', 'test nova kategorija', 1.01, 'Nunc sit amet semper lectus. Morbi venenatis arcu sed ullamcorper convallis. In in neque at velit facilisis iaculis. Phasellus euismod diam sollicitudin, mollis ligula a, vestibulum orci. Nunc a aliquam purus. Phasellus eros arcu, euismod a sodales eu, blandit et nunc. Nullam auctor sagittis ex, ut vestibulum nisi aliquet in.', '2d9e931a-d772-4769-c258-08dbf5967eff', true);
INSERT INTO public.products (id, name, price, description, category_id, featured) VALUES ('ed2b5682-e7ce-4c82-983f-08dc16b0c56d', 'auth test', 101.00, 'Curabitur fringilla quis libero ut venenatis. Donec placerat orci odio, nec commodo eros congue sit amet. Morbi ultricies nunc dolor, vel tincidunt mi lacinia eget. Nam porttitor faucibus lacus, quis rhoncus turpis dapibus vitae. Donec vitae ante sit amet odio rutrum molestie nec interdum magna. Duis lacinia vehicula ligula, in suscipit sapien porttitor nec. In efficitur sodales mollis. Etiam porta lacinia enim, id accumsan lectus ultrices eget. Morbi ultrices nisl in facilisis placerat. Etiam volutpat vel purus non bibendum. Fusce sed fermentum risus, sit amet convallis nunc. Etiam laoreet fringilla velit eu lobortis.', NULL, true);
INSERT INTO public.products (id, name, price, description, category_id, featured) VALUES ('aae38655-1cc8-463a-9840-08dc16b0c56d', 'auth test 2', 102.00, 'Suspendisse semper massa at urna eleifend, condimentum bibendum lectus congue. Donec at ipsum tortor. Phasellus lorem orci, faucibus in blandit in, fringilla in purus. Proin egestas metus metus, id posuere eros ornare eget. Aliquam auctor purus quis nunc tempor, eu euismod lectus luctus. Aliquam convallis in lorem quis fermentum. Sed interdum nibh ullamcorper dolor ultricies, eu blandit tellus tempor. Ut aliquet viverra neque at fringilla. Morbi eu metus quis nisi pretium tristique ac ac nulla. Cras sollicitudin, velit vel tempor volutpat, est lacus viverra sem, non sagittis nibh lacus nec justo. Nulla a enim eleifend, porttitor nisl quis, volutpat mauris. Cras dapibus mi leo, ac porttitor neque rutrum a. Sed at ipsum id augue dapibus aliquet id ut lorem. Quisque sit amet semper ipsum, imperdiet mollis elit. Etiam ligula justo, sagittis vitae semper molestie, interdum vitae erat.', '0e4eaba7-785a-44a6-35ac-08dc16b02ed2', true);
INSERT INTO public.products (id, name, price, description, category_id, featured) VALUES ('a22d79e6-d929-4f4f-c9dc-08dc18615529', 'test ref', 0.05, 'Phasellus ut vulputate lacus. Maecenas lobortis turpis sit amet tincidunt ornare. Pellentesque nunc risus, porttitor sit amet vehicula in, viverra in augue. Nullam aliquet ligula eros, eget bibendum nisl gravida sit amet. Mauris dapibus placerat lectus nec porttitor. Nunc vel massa quis mi imperdiet commodo eget eu enim. Mauris dapibus purus sed enim hendrerit tempus. Ut volutpat lectus at diam condimentum, malesuada fringilla risus suscipit. Nunc nec turpis vel dui vulputate consectetur. Morbi ultricies ultricies felis a euismod. Nulla ornare est mattis viverra mattis.', '8840e368-2a6d-4839-ea05-08dc18613297', true);
INSERT INTO public.products (id, name, price, description, category_id, featured) VALUES ('44012a2b-1922-4787-c9dd-08dc18615529', 'test ref cat', 0.08, 'Cras ac tellus porta orci vestibulum dapibus vitae et magna. Donec pharetra magna a iaculis bibendum. Donec sodales tortor urna, a elementum tortor sagittis vitae. Duis non sapien enim. Donec facilisis odio est. Nam placerat nibh eleifend nibh varius gravida. Morbi rhoncus sodales suscipit. Cras semper eros lectus, suscipit convallis eros pretium sit amet.', 'f915fdbc-029d-4df6-ea06-08dc18613297', false);
INSERT INTO public.products (id, name, price, description, category_id, featured) VALUES ('755e02ac-2116-4fcb-8dfc-08dc1c0fb283', 'build test', 15.00, 'Vestibulum dignissim tortor non pharetra imperdiet. Curabitur eget gravida augue, eu porta ex. Nullam suscipit, erat non feugiat facilisis, elit sapien condimentum nisl, eget porta libero libero eu nibh. Ut aliquam tellus et augue convallis, iaculis varius neque vestibulum. Duis consectetur elit felis, eu convallis augue bibendum non. Aliquam erat volutpat. Cras leo tortor, laoreet ut lectus nec, lobortis dictum justo. Nullam congue neque in pellentesque blandit. Praesent et efficitur turpis. Cras mattis blandit feugiat.', '0e4eaba7-785a-44a6-35ac-08dc16b02ed2', true);
INSERT INTO public.products (id, name, price, description, category_id, featured) VALUES ('691faf4b-b085-4816-8055-08dc1db0f974', 'ne localhost', 99.99, 'Proin placerat lacinia sollicitudin. Vivamus faucibus in sapien vitae tempus. Aenean placerat libero quis feugiat hendrerit. Vivamus dui purus, euismod non varius eu, placerat id orci. Phasellus eros augue, porta ut ornare non, maximus nec diam. Donec id aliquam tellus. Sed vestibulum sit amet magna sed sollicitudin. Ut eu mauris semper, placerat neque quis, laoreet eros.', NULL, true);
INSERT INTO public.products (id, name, price, description, category_id, featured) VALUES ('5d0e15b7-880b-44a5-6f2b-08dbdbc56143', 'veoma dugi naziv proizvoda test ', 1.99, 'Phasellus commodo auctor urna, nec rutrum enim gravida sed. Sed at augue sed tortor rhoncus malesuada. Praesent pellentesque, tortor eget blandit venenatis, nunc est luctus ex, ac bibendum eros nisi non eros. Aliquam finibus justo et sem congue, quis varius risus mattis. Donec consequat nisi nec urna sagittis iaculis. Sed at lorem ut nibh ultricies vulputate sed ac lacus. Donec ut facilisis urna, id dictum lacus. Etiam ut sem arcu. Praesent vehicula eget turpis non lacinia. Vestibulum velit sapien, convallis eu sapien a, varius pretium diam. Quisque a molestie dui. Duis pulvinar eros gravida enim dapibus consequat.', '8840e368-2a6d-4839-ea05-08dc18613297', false);
INSERT INTO public.products (id, name, price, description, category_id, featured) VALUES ('3e56f565-e1e4-4ac7-4964-08dbdbce04bc', 'jos jedan proizvod sa dugim nazivom', 299.99, 'Nam gravida non diam id sodales. Vivamus vel aliquet enim. Mauris id diam urna. Nullam fringilla dignissim rutrum. Nam nec malesuada augue. Nunc augue dui, fermentum id augue non, suscipit faucibus velit. Morbi gravida finibus turpis ut tincidunt. Aenean ut fermentum nibh, nec commodo diam. Suspendisse nec porta neque. Cras egestas risus in ipsum sodales blandit. Suspendisse pulvinar egestas viverra. Aliquam elementum scelerisque elit at finibus. Curabitur tempus finibus nulla in fermentum. Mauris arcu nisl, ornare non fermentum id, dapibus sit amet lectus. Ut maximus sed magna ac tempor.', '75c5d728-8d66-11ee-8d1b-3065ec946484', false);
INSERT INTO public.products (id, name, price, description, category_id, featured) VALUES ('cdc692d2-663a-454f-acf7-08dbe39b9b87', 'Klavijature', 100.00, 'Nullam facilisis, dolor dictum porttitor eleifend, diam dolor rhoncus augue, sed finibus lorem felis eu tellus. Mauris id viverra eros, quis maximus ipsum. Donec consectetur mi orci. Nulla at ornare magna. Proin nulla odio, consectetur et orci ut, semper blandit neque. Donec eget nunc venenatis, pulvinar orci eu, eleifend justo. Integer pretium, risus in imperdiet tincidunt, tellus ante vehicula nunc, eu auctor diam elit in felis. Mauris sed cursus arcu. Quisque tincidunt ligula augue. Donec felis enim, tincidunt at neque non, pharetra vehicula odio. Fusce auctor tellus at lacus mattis, ac gravida diam convallis. Aliquam ex velit, euismod sed iaculis id, feugiat pretium purus. Suspendisse sit amet sapien ac tellus iaculis auctor sed in tortor. Nullam fermentum mauris a iaculis dapibus. Vivamus eu turpis ultrices, vestibulum mauris ut, convallis dolor.', NULL, false);
INSERT INTO public.products (id, name, price, description, category_id, featured) VALUES ('46208233-f4a7-4db0-93e1-97e516cd4acd', 'Test vise slika', 191, 'Mauris facilisis mauris nec elit luctus, at pellentesque turpis porta. Nunc in condimentum nibh, ac scelerisque nisl. Mauris vel tellus volutpat, scelerisque massa eget, tristique enim. Donec ac metus mi. Mauris nec iaculis tortor, a rhoncus tellus. Nam tempus, tortor vel dignissim volutpat, purus arcu euismod ipsum, laoreet feugiat erat arcu et est. Proin non quam sed nisi tincidunt rutrum et at dui. Proin vel nunc arcu. Sed porta enim euismod, elementum est a, ultrices odio. Praesent fermentum fringilla sem nec faucibus. Nunc interdum, eros quis viverra posuere, mauris velit ornare nunc, quis dictum eros quam ut mauris. Morbi mauris dolor, volutpat tincidunt est non, pulvinar venenatis libero. Etiam sit amet accumsan lacus, nec ullamcorper elit. Ut at diam lorem. Pellentesque quis risus eros.', NULL, true);
INSERT INTO public.products (id, name, price, description, category_id, featured) VALUES ('545611ca-d9f8-45d5-a113-2ff23c6359a6', 'Vise slka drugi pokusaj', 192, 'Lorem ipsum dolor sit amet, consectetur adipiscing elit. Praesent viverra mattis purus. Nam accumsan leo eu leo sagittis tincidunt in id magna. Cras vehicula nisi tortor, sit amet euismod justo rutrum sit amet. Proin pellentesque felis elit, vel ultricies leo mollis nec. Nullam ultricies egestas tempus. Sed quis ornare dui. Pellentesque habitant morbi tristique senectus et netus et malesuada fames ac turpis egestas. Mauris vulputate molestie feugiat. Fusce cursus enim justo, nec semper elit ornare vitae.', NULL, true);
INSERT INTO public.products (id, name, price, description, category_id, featured) VALUES ('e4101236-1250-4705-a29f-efdfec0f3a0e', 'Produkt kroz novu formu', 12.9, NULL, NULL, true);


--
-- TOC entry 4827 (class 0 OID 16430)
-- Dependencies: 220
-- Data for Name: refresh_tokens; Type: TABLE DATA; Schema: public; Owner: postgres
--



--
-- TOC entry 4825 (class 0 OID 16411)
-- Dependencies: 218
-- Data for Name: users; Type: TABLE DATA; Schema: public; Owner: postgres
--

INSERT INTO public.users (id, username, password_hash, is_admin) VALUES (1, 'string', '$2a$11$OqWiF9bSznFgKBQeu7dqOO18WTqT7QJ4rbOQglIuQhY1ArJmjz2Oa', false);
INSERT INTO public.users (id, username, password_hash, is_admin) VALUES (13, 'admin', '$2a$11$phwF04bZwGFFaX/d5.aYI.d.gSQel05/jzaXvE9lLKIrsQStEEVmi', true);
INSERT INTO public.users (id, username, password_hash, is_admin) VALUES (2, 'user15', '$2a$11$qtQVXkYNGATYp93Km/K26eWTLuPEz8fv.3co5q5vLgsx4TU1bhTFe', false);
INSERT INTO public.users (id, username, password_hash, is_admin) VALUES (3, 'user99', '$2a$11$BL1DVMCf.3nRPsOqrWTyxu0KNOmngDvMQd/Mh8ODy8Ho3xSf0r8ne', false);
INSERT INTO public.users (id, username, password_hash, is_admin) VALUES (4, 'user11', '$2a$11$6w.2Yigwrbb9ry/F7MMf6OYwASZ4aMhGftdfVDnKSEtupo.MYRdJO', false);
INSERT INTO public.users (id, username, password_hash, is_admin) VALUES (5, 'user14', '$2a$11$VfOIH7SBqmnI71YZ0FgUZ.AxG4HAg3Q6mrZ07VrMsWVSWmHS1hHa.', false);
INSERT INTO public.users (id, username, password_hash, is_admin) VALUES (6, 'user1', '$2a$11$0/xZ1DSOnuuZzraztFDG8uMLHcUUdhE226NnQ0/yq2B1cF8QxHhrG', false);
INSERT INTO public.users (id, username, password_hash, is_admin) VALUES (7, 'user0', '$2a$11$wu6kC./1DgERjs4E5XEguOyEustUKAFK9LF0jc7eXTfzWpi/AVui2', false);
INSERT INTO public.users (id, username, password_hash, is_admin) VALUES (8, 'user23', '$2a$11$91IRHMQ1F5SBPqkTUkmImu7Avsn8/WIK4QaaA3ZzJAfqrqTAHArye', false);
INSERT INTO public.users (id, username, password_hash, is_admin) VALUES (9, 'user21', '$2a$11$DRJN7CKKkWssz1lCnrGSZeDX15Ek.rKwPIYmiDVQ8gULQWfmi2THK', false);
INSERT INTO public.users (id, username, password_hash, is_admin) VALUES (10, 'user22', '$2a$11$MADZHf6YPgoaynqrVlRDweH1sGu0U5nHHmgXSfEVCoIGpySkVdJuO', false);
INSERT INTO public.users (id, username, password_hash, is_admin) VALUES (11, 'user26', '$2a$11$J1N.3cqtdPqxrIzY9/gJiun4jvv0jIkAgwG8XHfYZPUfVx7DEdM0a', false);
INSERT INTO public.users (id, username, password_hash, is_admin) VALUES (12, 'user44', '$2a$11$mCeoC7ycMs4YYHjfdloTkuLDt78PKZGTFovhydAtB4xaqf.0Y7ksW', false);
INSERT INTO public.users (id, username, password_hash, is_admin) VALUES (14, 'user40', '$2a$11$G/b2FCUaGrl5SOnIlAIq5.S9pqXDPWFmr.WYsZYTTitYd1Q55vkSi', false);
INSERT INTO public.users (id, username, password_hash, is_admin) VALUES (15, 'user12', '$2a$11$YUmGbRHB8ehqNcyQVmfnwu.uANuJSC8mdXp7ANx/wabyyzPatdrLK', false);
INSERT INTO public.users (id, username, password_hash, is_admin) VALUES (16, 'user37', '$2a$11$3H8tJtJX6YD0nOgwNBHCQ.iz4xx7lTDcBf2Jo.Bsvnw5eu42myU4e', false);
INSERT INTO public.users (id, username, password_hash, is_admin) VALUES (17, 'user25', '$2a$11$uDdmBpOLncIlsM53QOjK/u6ep/zspA6WD1Mk2AaW4xEtWMa/0Wql.', false);
INSERT INTO public.users (id, username, password_hash, is_admin) VALUES (18, 'user8', '$2a$11$vUJyVG35qEDVHkseul3y2uZ1mzx9XhrRAYTZNIowI3oUQ0XCujH36', false);
INSERT INTO public.users (id, username, password_hash, is_admin) VALUES (19, 'user50', '$2a$11$BYwgtf6z4BZwP0YgOnZvTOq4Ab/RHFX.LsuN9VYj0viEmEc0Jg1am', false);
INSERT INTO public.users (id, username, password_hash, is_admin) VALUES (20, 'user34', '$2a$11$C7WB.AFuSJlBDtdzm0IkzulQadqX44KpBjlZVXe8Kzec7ofHIWIoi', false);
INSERT INTO public.users (id, username, password_hash, is_admin) VALUES (21, 'user39', '$2a$11$iQpwSopbIYI9F4b9baQFcurg6bGiT1P1GFb0LH0uWyjXkxorpj4Vq', false);
INSERT INTO public.users (id, username, password_hash, is_admin) VALUES (23, 'user77', '$2a$11$F4M7Wi2Szkarww3dmverF.Y0MBExSNnBgmJQLuhW6DVNfVrp8Dr0m', false);
INSERT INTO public.users (id, username, password_hash, is_admin) VALUES (24, 'user38', '$2a$11$1vaucdijrNzx5mP3ke4WAuBSOcBmxfU804xyzuWvxwXqjlfZUmPfS', false);
INSERT INTO public.users (id, username, password_hash, is_admin) VALUES (25, 'user45', '$2a$11$FEeUKA8mxCMoLbMQiqLpM.P0mUKmYcHZEcfOZ5KvIS.h9fjU.kM.m', false);
INSERT INTO public.users (id, username, password_hash, is_admin) VALUES (26, 'user10', '$2a$11$Pm/at5tw7jhTWUJEnM9Ey.MJiE/iTHHQq/e3HMbY9X1cHvFyjTlgK', false);
INSERT INTO public.users (id, username, password_hash, is_admin) VALUES (27, 'user24', '$2a$11$wWW3.FeVrbhhMdIWC1krb.yDmwzVb5rzZUfk7j00yns9oTEK0XaRO', false);
INSERT INTO public.users (id, username, password_hash, is_admin) VALUES (28, 'user30', '$2a$11$Z9HHu8jMw4b7NqGyWtH8Pu.SDy3QDjgwskY/lOH1UCsk2j9GBSeni', false);
INSERT INTO public.users (id, username, password_hash, is_admin) VALUES (29, 'user7', '$2a$11$.2mec3BAISEqHc3eq995wu9Yuh9kKVSF8phkVHdD3bgkV2kNJMbgW', false);
INSERT INTO public.users (id, username, password_hash, is_admin) VALUES (30, 'user32', '$2a$11$5FnmI/ArLj39Nf/BRIV9zuVw6.8Eda1FtAiEhnEr37AQgG/nz9Fv.', false);
INSERT INTO public.users (id, username, password_hash, is_admin) VALUES (31, 'user88', '$2a$11$IjxXSgZ9hwyLQKfhn4MB2udlGG3TZ/9K8GLlpahk.Xd7sixIXhNt.', false);
INSERT INTO public.users (id, username, password_hash, is_admin) VALUES (32, 'user52', '$2a$11$P/FPQSBDJPgafuFnsTYIJ.W68kkSyM0uo2Lqh.w21gCwi3k0NSzdi', false);
INSERT INTO public.users (id, username, password_hash, is_admin) VALUES (33, 'user49', '$2a$11$H2.N0ulgZ2.iQ5vgwWvGeeb2nRZQg0coDe3XFtLurX.sOcZAhDRO2', false);
INSERT INTO public.users (id, username, password_hash, is_admin) VALUES (34, 'user58', '$2a$11$JB/OuIXbVWPGOMdU3D7GCes15QHy031Rg8S1QE4Xc9uCgAap/86Im', false);
INSERT INTO public.users (id, username, password_hash, is_admin) VALUES (35, 'user36', '$2a$11$DJu.PJxCMADPXud4R6a6p.79/D3B9zg1r7Sxj0/5w5t0Grn4IaQFm', false);
INSERT INTO public.users (id, username, password_hash, is_admin) VALUES (36, 'user83', '$2a$11$K1V8pGpk/fDWU9g96.LLf./O7bfLm8OiO7hadUinI/KVnxmEk6PEW', false);
INSERT INTO public.users (id, username, password_hash, is_admin) VALUES (37, 'user98', '$2a$11$GIpchgCa19rCUht.glqI5.mvjGFuz/ZzgDk2/xaB0z27AnivxMs92', false);
INSERT INTO public.users (id, username, password_hash, is_admin) VALUES (38, 'user59', '$2a$11$F5527DJ4Ke7DQQbC0GTIbusnPZELkLKhZCgiYmcNsO9wCsnk6vndG', false);
INSERT INTO public.users (id, username, password_hash, is_admin) VALUES (39, 'user55', '$2a$11$kow4.W47xm1PThADGrjDf..o9ZJVlhJPCVgxTQutS3s.p7hONhS5G', false);
INSERT INTO public.users (id, username, password_hash, is_admin) VALUES (40, 'user35', '$2a$11$gtmKZ7UbPlJvTH/z69C.vO0byLCHXFR8.61Ch3YA8S/wNaoDWqMqW', false);
INSERT INTO public.users (id, username, password_hash, is_admin) VALUES (41, 'user31', '$2a$11$bZYIQks2.ia4PLHWjClYY.0zXEEcpckWgELXwKIONkQU6dfZK7VYC', false);
INSERT INTO public.users (id, username, password_hash, is_admin) VALUES (42, 'user74', '$2a$11$np4qBhaRtbRDuTbm3L8lYuXnI1eAge8.FVeMZ.znNkVxwpUVvTLNq', false);
INSERT INTO public.users (id, username, password_hash, is_admin) VALUES (43, 'user92', '$2a$11$9gkIvWSKtsbS1.1nnmLt.OboeQwedXOLSLQiKbRHa6qe2Oj3sFXia', false);
INSERT INTO public.users (id, username, password_hash, is_admin) VALUES (44, 'user9', '$2a$11$gIPB7pzBz7N5DWJ2xgJZIeixuBZp2q0mWjru/kvChsnXfJOUZ4hzS', false);
INSERT INTO public.users (id, username, password_hash, is_admin) VALUES (45, 'user6', '$2a$11$2B6vORNROfPmoCS5bWFT6.VLukeiAXzvFAEPYKwceRI9Zma43Ll5e', false);
INSERT INTO public.users (id, username, password_hash, is_admin) VALUES (46, 'user5', '$2a$11$USkXCmKITpYJ5kHnCZT4hOOj02AymV8Fyxk7ar9LRb6.GiTdz5oTG', false);
INSERT INTO public.users (id, username, password_hash, is_admin) VALUES (47, 'user3', '$2a$11$hBkJS8.hdXswqhMXOGlGTe2e4KxFrrwEClOoJ.mQLC5B3Y5KIiJC.', false);
INSERT INTO public.users (id, username, password_hash, is_admin) VALUES (48, 'user17', '$2a$11$5ZStWF.6ygVEJmI1JRuDPeLJ25z7nwnuzUZGeU64/7CAMcB8VnLAu', false);
INSERT INTO public.users (id, username, password_hash, is_admin) VALUES (49, 'user18', '$2a$11$oz8lOQYx1bnnlS0Us2rgeOk7EhYWlAHu324woCBxfKx/Qq8jHnTWK', false);
INSERT INTO public.users (id, username, password_hash, is_admin) VALUES (50, 'user48', '$2a$11$MdhdxTrMPAcUDfGAlsQcweAfmdirkGrT84r09hl9yFiCgeVaIjqPG', false);
INSERT INTO public.users (id, username, password_hash, is_admin) VALUES (51, 'user19', '$2a$11$FgCDFDkvOEPdOkvvt.XgMuv10r9zDpnYLue6LW6xUTtbmpWxv6u.G', false);
INSERT INTO public.users (id, username, password_hash, is_admin) VALUES (52, 'user20', '$2a$11$X1dTonR.gQRjABPQDYzk8e/q1b2ofbDnMz/ZHQ2B5QgGIu0dN00hu', false);
INSERT INTO public.users (id, username, password_hash, is_admin) VALUES (53, 'user65', '$2a$11$h44AE5MsxtDxaY7Bpxyjl..2YZZYiZOcaVq8NU4d5d6UARvnL6vh6', false);
INSERT INTO public.users (id, username, password_hash, is_admin) VALUES (54, 'user73', '$2a$11$TyFp/vtlRKSEgHPPMakhUu7WsTmS2tJ2ThZBIal51HcFK2Q9QIBkO', false);
INSERT INTO public.users (id, username, password_hash, is_admin) VALUES (55, 'user28', '$2a$11$PfCDi.30QRFMv5eb3ESVF.6XRS4iR9yNXYi7HgtO9naJThBH6/Ex.', false);
INSERT INTO public.users (id, username, password_hash, is_admin) VALUES (56, 'user29', '$2a$11$qMkRPZNGGX.VZPb6n9QsDedu7LYmaTrMIYFrNCmix2lfV7Iuxps/K', false);
INSERT INTO public.users (id, username, password_hash, is_admin) VALUES (57, 'user33', '$2a$11$5ZBKTmGxIEwSO/YVm52/q.gd.lpTnfd1sjubSg1RfJpJTc65tLzwq', false);
INSERT INTO public.users (id, username, password_hash, is_admin) VALUES (58, 'user42', '$2a$11$AOttLlV4VVPbYa4bHnEsz.7Cw93A3k/LRz4fdfqflp5Go318ExpAC', false);
INSERT INTO public.users (id, username, password_hash, is_admin) VALUES (59, 'user41', '$2a$11$btz/Mk8insEwNYT9t2hYzuhg.cD/zFxKlCpy0BYqwArtIhhlxJl2a', false);
INSERT INTO public.users (id, username, password_hash, is_admin) VALUES (60, 'user27', '$2a$11$KiqfvvP4PJYRqjOCrkFv5uPDPhnKwZPYf8EE0Oz1NSVvQSHqCHvja', false);
INSERT INTO public.users (id, username, password_hash, is_admin) VALUES (61, 'user43', '$2a$11$/AuU0ch7.yvPHJKGG2PnOe7VIahbxzhwcR2GjOMhcRRYk2Uq9BwYC', false);
INSERT INTO public.users (id, username, password_hash, is_admin) VALUES (62, 'user46', '$2a$11$xJE6JmKq6SEhqesUuCOr4ejjNOITDLPKfKTbA.wO5NnSRMWtoAKJa', false);
INSERT INTO public.users (id, username, password_hash, is_admin) VALUES (63, 'user47', '$2a$11$kHuisKOeYDJQspMpHMdXue8V2k/3ciKnFerIhFM7MduzbRFti76q2', false);
INSERT INTO public.users (id, username, password_hash, is_admin) VALUES (64, 'user69', '$2a$11$UcfxwU.7i8jPKRaXebTY..65NBboDAOU8yQvrgT5mB50WHFDBsA52', false);
INSERT INTO public.users (id, username, password_hash, is_admin) VALUES (65, 'user57', '$2a$11$H1RJyqk5uaARvwcgpUVHGece6UXzbZVVpNHbP6TMYvozCZMK.dtiW', false);
INSERT INTO public.users (id, username, password_hash, is_admin) VALUES (66, 'user81', '$2a$11$WOHb2ywbqTca8tE3PodJ/uPLGZfweZkLa2Sj6V2DhgBrYBLFNjuOG', false);
INSERT INTO public.users (id, username, password_hash, is_admin) VALUES (67, 'user51', '$2a$11$ZzwFgw4.PgKima0nxkfWpeAg/8Qs6lCJKcHuAgSN.2GgWrGH07Nbm', false);
INSERT INTO public.users (id, username, password_hash, is_admin) VALUES (68, 'user63', '$2a$11$ZrujcTy.9oyoF3COvVhJcOhmXzU/r1s7hoV9GkEwVljAcZsW6BznC', false);
INSERT INTO public.users (id, username, password_hash, is_admin) VALUES (69, 'user67', '$2a$11$6NRpdctNmi7SGJJcv.pIwe0I3Hg03KPCj2PYM82meLlYEYMKF/FGW', false);
INSERT INTO public.users (id, username, password_hash, is_admin) VALUES (70, 'user71', '$2a$11$OiEq46MtLlRnBJPR8zAL6OPHj6yoZH7SWqvl.jN9h7nRiZc5Bfjdm', false);
INSERT INTO public.users (id, username, password_hash, is_admin) VALUES (71, 'user75', '$2a$11$FUt1DHeoB51TKzZKAtd5DuMMuAlw63XGiEtcYy9RN1ilP5nF54B.S', false);
INSERT INTO public.users (id, username, password_hash, is_admin) VALUES (72, 'user79', '$2a$11$voVBF5hx8jJ1.nypIj8d2Onw7Db7IHlQIaJ62JbLHn96vzHpKAeWa', false);
INSERT INTO public.users (id, username, password_hash, is_admin) VALUES (73, 'user72', '$2a$11$cjQ2FH51GgYE8y0IV4T7H.urow.jwCJnXMz6Bxd1w5e6Lg.4q39hi', false);
INSERT INTO public.users (id, username, password_hash, is_admin) VALUES (74, 'user54', '$2a$11$0iP03loS9.tFxRFpng4QP.Sf/WP4ht2ae4McMWFEkkPfYgZWBEWra', false);
INSERT INTO public.users (id, username, password_hash, is_admin) VALUES (97, 'user91', '$2a$11$HH2D4TDDUYA4vcHJO5OwnOskru1MaKwbA4i83terrcVOaLQoD6AHK', false);
INSERT INTO public.users (id, username, password_hash, is_admin) VALUES (75, 'user76', '$2a$11$t8LGIXhZO7LgxIxt5AVsX.IikY35ZfjJp96CuZZRW22zZ/GmjaTrS', false);
INSERT INTO public.users (id, username, password_hash, is_admin) VALUES (76, 'user62', '$2a$11$G.ivl.nJFCKtCYXO.DMhV.cHoUc4Y1PBTK9M5qwf/lq6.HEHVFv.6', false);
INSERT INTO public.users (id, username, password_hash, is_admin) VALUES (77, 'user66', '$2a$11$d/oMcBptZNZjOEklzEB1Qeaevpz3rTgmIlny7IgUewdHylT2qsqq6', false);
INSERT INTO public.users (id, username, password_hash, is_admin) VALUES (100, 'user97', '$2a$11$df4zOQOlYh4B2Q.VWBw5oOomUsbIKIro3nY.qo5L5gQ5472tayeUe', false);
INSERT INTO public.users (id, username, password_hash, is_admin) VALUES (78, 'user94', '$2a$11$fBuQnXMrbu/2EEmb8YRxcuoWEfIIZZ0aGAmT/td8J/CS4YXmjiM4W', false);
INSERT INTO public.users (id, username, password_hash, is_admin) VALUES (79, 'user90', '$2a$11$fFKDlqshyB0hb3JCFS0mIepBdgKC1GFRvc6wQnVtZzK3ABmeDt8IW', false);
INSERT INTO public.users (id, username, password_hash, is_admin) VALUES (80, 'user16', '$2a$11$/i5MPxX26gKiwG2XFwvk.enlqpEB/bZqVgRvVGxKwPS3OLOvKFcs2', false);
INSERT INTO public.users (id, username, password_hash, is_admin) VALUES (81, 'user70', '$2a$11$WaI/JkZcbIDV7FggxllOsuuaNvaI2pQzOlC9yD9pK1aKHmDrxEaBa', false);
INSERT INTO public.users (id, username, password_hash, is_admin) VALUES (82, 'user60', '$2a$11$iLZoQDJZTq6daOVv4yelPeH6BR4d9Nabez7Hqb2z6KhjnEqJmMALq', false);
INSERT INTO public.users (id, username, password_hash, is_admin) VALUES (83, 'user95', '$2a$11$7tRd7RPTJlKPvxOhGbW.dudL4VEXKV.Huv0Frktr0YFRAyzUWTDci', false);
INSERT INTO public.users (id, username, password_hash, is_admin) VALUES (84, 'user78', '$2a$11$.8KuNfNt/in9qjphiOh1eeq8mIwXgwazJ975Jz7Whu0f1k3CqdF0K', false);
INSERT INTO public.users (id, username, password_hash, is_admin) VALUES (85, 'user64', '$2a$11$5WCQRYtoWLWbq7LKSRZ1wuzVXBHHoICAJlhwCqZTAFumMWxYvnis.', false);
INSERT INTO public.users (id, username, password_hash, is_admin) VALUES (86, 'user13', '$2a$11$ATJtL8E97uBCmP2sfJm6KOgBn08egMYwATBr4mqY2qP8KFQhGjHVi', false);
INSERT INTO public.users (id, username, password_hash, is_admin) VALUES (87, 'user4', '$2a$11$.izOOz7IxlExEpI6JzRpYepOno4Hrd48/wnUXBorV.4zfnyccyDZ6', false);
INSERT INTO public.users (id, username, password_hash, is_admin) VALUES (88, 'user85', '$2a$11$Cdk0y4b07.NOeMEjnJn3z.J7SEuJzDtUHT8eTddDqR6nKRkfC.Opa', false);
INSERT INTO public.users (id, username, password_hash, is_admin) VALUES (89, 'user82', '$2a$11$dKCMba7IaC1f4zlFvdi6ye87FHEmArSch9kjWvvLt0/DIjB4E3uhe', false);
INSERT INTO public.users (id, username, password_hash, is_admin) VALUES (90, 'user53', '$2a$11$yuVGAgm50C0qgs8b7qXfgOmpPC2IrpQC7nl1.cUl3wJXuhANMV1RC', false);
INSERT INTO public.users (id, username, password_hash, is_admin) VALUES (91, 'user86', '$2a$11$W2N7eckk1nKMW/WORLRWEeskvKtwXjjvFTUvEtoaJzLnVEmlgv3D.', false);
INSERT INTO public.users (id, username, password_hash, is_admin) VALUES (92, 'user68', '$2a$11$mI9t7Sfbp.xe1KAnyDK8z.g5KQOU1flfmrXq6kHyNjx2agiVTQNNa', false);
INSERT INTO public.users (id, username, password_hash, is_admin) VALUES (93, 'user61', '$2a$11$U3KSqO3c/u7YWD1P0mHh2Ol5adklyhV//qBIyb8DsCy67oDjbDmwm', false);
INSERT INTO public.users (id, username, password_hash, is_admin) VALUES (94, 'user96', '$2a$11$mpn6hSsQdRRBitIcLr53u.kg.OwLI41N7TojQPqXXO01Qr4.r19mu', false);
INSERT INTO public.users (id, username, password_hash, is_admin) VALUES (95, 'user89', '$2a$11$BWLT43hC0c.VDhcYdDT6q.Mhji.ebCDYjnrM3bY21nJ.5OilLb42C', false);
INSERT INTO public.users (id, username, password_hash, is_admin) VALUES (96, 'user87', '$2a$11$gv1SCxoAMZG4N7iYoX02U.zNSl1UX4.M2ewIS305ZUSd9rZViQS6y', false);
INSERT INTO public.users (id, username, password_hash, is_admin) VALUES (98, 'user93', '$2a$11$Iozxme220G1WlfYZtuLcxOBhJq2AyT3bzyR10dBwWbtvrPlGCPDim', false);
INSERT INTO public.users (id, username, password_hash, is_admin) VALUES (99, 'user56', '$2a$11$tkL2lllDjN/EdXqi/X9KP.PlE/b/XDNk4sLBnVbdUVN6EhqD3JWci', false);
INSERT INTO public.users (id, username, password_hash, is_admin) VALUES (101, 'user80', '$2a$11$.ML0Aoht4/gzQ.Fqsw7Rp./6LFnn234DqppHsUvX6u2Mg4V8azZdO', false);
INSERT INTO public.users (id, username, password_hash, is_admin) VALUES (102, 'user84', '$2a$11$QxRw91EBBeu9DyPL3k/orOIDE7OLk213QI9dm0xJkBAP0iJ6mhbdq', false);


--
-- TOC entry 4835 (class 0 OID 0)
-- Dependencies: 217
-- Name: users_id_seq; Type: SEQUENCE SET; Schema: public; Owner: postgres
--

SELECT pg_catalog.setval('public.users_id_seq', 102, true);


--
-- TOC entry 4659 (class 2606 OID 16402)
-- Name: __EFMigrationsHistory PK___EFMigrationsHistory; Type: CONSTRAINT; Schema: public; Owner: postgres
--

ALTER TABLE ONLY public."__EFMigrationsHistory"
    ADD CONSTRAINT "PK___EFMigrationsHistory" PRIMARY KEY ("MigrationId");


--
-- TOC entry 4661 (class 2606 OID 16409)
-- Name: product_categories PK_product_categories; Type: CONSTRAINT; Schema: public; Owner: postgres
--

ALTER TABLE ONLY public.product_categories
    ADD CONSTRAINT "PK_product_categories" PRIMARY KEY (id);


--
-- TOC entry 4674 (class 2606 OID 16467)
-- Name: product_images PK_product_images; Type: CONSTRAINT; Schema: public; Owner: postgres
--

ALTER TABLE ONLY public.product_images
    ADD CONSTRAINT "PK_product_images" PRIMARY KEY (product_id, image_name);


--
-- TOC entry 4672 (class 2606 OID 16446)
-- Name: product_likes PK_product_likes; Type: CONSTRAINT; Schema: public; Owner: postgres
--

ALTER TABLE ONLY public.product_likes
    ADD CONSTRAINT "PK_product_likes" PRIMARY KEY (user_id, product_id);


--
-- TOC entry 4666 (class 2606 OID 16424)
-- Name: products PK_products; Type: CONSTRAINT; Schema: public; Owner: postgres
--

ALTER TABLE ONLY public.products
    ADD CONSTRAINT "PK_products" PRIMARY KEY (id);


--
-- TOC entry 4669 (class 2606 OID 16434)
-- Name: refresh_tokens PK_refresh_tokens; Type: CONSTRAINT; Schema: public; Owner: postgres
--

ALTER TABLE ONLY public.refresh_tokens
    ADD CONSTRAINT "PK_refresh_tokens" PRIMARY KEY (value);


--
-- TOC entry 4663 (class 2606 OID 16417)
-- Name: users PK_users; Type: CONSTRAINT; Schema: public; Owner: postgres
--

ALTER TABLE ONLY public.users
    ADD CONSTRAINT "PK_users" PRIMARY KEY (id);


--
-- TOC entry 4670 (class 1259 OID 16452)
-- Name: IX_product_likes_product_id; Type: INDEX; Schema: public; Owner: postgres
--

CREATE INDEX "IX_product_likes_product_id" ON public.product_likes USING btree (product_id);


--
-- TOC entry 4664 (class 1259 OID 16440)
-- Name: IX_products_category_id; Type: INDEX; Schema: public; Owner: postgres
--

CREATE INDEX "IX_products_category_id" ON public.products USING btree (category_id);


--
-- TOC entry 4667 (class 1259 OID 16441)
-- Name: IX_refresh_tokens_user_id; Type: INDEX; Schema: public; Owner: postgres
--

CREATE INDEX "IX_refresh_tokens_user_id" ON public.refresh_tokens USING btree (user_id);


--
-- TOC entry 4678 (class 2606 OID 16468)
-- Name: product_images FK_product_images_products_product_id; Type: FK CONSTRAINT; Schema: public; Owner: postgres
--

ALTER TABLE ONLY public.product_images
    ADD CONSTRAINT "FK_product_images_products_product_id" FOREIGN KEY (product_id) REFERENCES public.products(id) ON DELETE CASCADE;


--
-- TOC entry 4677 (class 2606 OID 16447)
-- Name: product_likes FK_product_likes_products_product_id; Type: FK CONSTRAINT; Schema: public; Owner: postgres
--

ALTER TABLE ONLY public.product_likes
    ADD CONSTRAINT "FK_product_likes_products_product_id" FOREIGN KEY (product_id) REFERENCES public.products(id) ON DELETE CASCADE;


--
-- TOC entry 4675 (class 2606 OID 16425)
-- Name: products FK_products_product_categories_category_id; Type: FK CONSTRAINT; Schema: public; Owner: postgres
--

ALTER TABLE ONLY public.products
    ADD CONSTRAINT "FK_products_product_categories_category_id" FOREIGN KEY (category_id) REFERENCES public.product_categories(id);


--
-- TOC entry 4676 (class 2606 OID 16435)
-- Name: refresh_tokens FK_refresh_tokens_users_user_id; Type: FK CONSTRAINT; Schema: public; Owner: postgres
--

ALTER TABLE ONLY public.refresh_tokens
    ADD CONSTRAINT "FK_refresh_tokens_users_user_id" FOREIGN KEY (user_id) REFERENCES public.users(id) ON DELETE CASCADE;


-- Completed on 2024-05-28 17:12:38

--
-- PostgreSQL database dump complete
--

